http://ekaw#Neutral_Review,http://confOf#Organization,0
http://ekaw#Neutral_Review,http://confOf#Participant,0
http://ekaw#Neutral_Review,http://confOf#Person,0
http://ekaw#Neutral_Review,http://confOf#Author,0
http://ekaw#Neutral_Review,http://confOf#University,0
http://ekaw#Neutral_Review,http://confOf#Member_PC,0
http://ekaw#Neutral_Review,http://confOf#Contribution,0
http://ekaw#Neutral_Review,http://confOf#Paper,0
http://ekaw#Neutral_Review,http://confOf#Topic,0
http://ekaw#Neutral_Review,http://confOf#Poster,0
http://ekaw#Neutral_Review,http://confOf#Scholar,0
http://ekaw#Neutral_Review,http://confOf#Event,0
http://ekaw#Neutral_Review,http://confOf#Reviewing_results_event,0
http://ekaw#Neutral_Review,http://confOf#Administrative_event,0
http://ekaw#Neutral_Review,http://confOf#Submission_event,0
http://ekaw#Neutral_Review,http://confOf#Reviewing_event,0
http://ekaw#Neutral_Review,http://confOf#Working_event,0
http://ekaw#Neutral_Review,http://confOf#Workshop,0
http://ekaw#Neutral_Review,http://confOf#Chair_PC,0
http://ekaw#Neutral_Review,http://confOf#Tutorial,0
http://ekaw#Neutral_Review,http://confOf#Administrator,0
http://ekaw#Neutral_Review,http://confOf#Camera_Ready_event,0
http://ekaw#Neutral_Review,http://confOf#Social_event,0
http://ekaw#Neutral_Review,http://confOf#Company,0
http://ekaw#Neutral_Review,http://confOf#Reception,0
http://ekaw#Neutral_Review,http://confOf#Conference,0
http://ekaw#Neutral_Review,http://confOf#Banquet,0
http://ekaw#Neutral_Review,http://confOf#Trip,0
http://ekaw#Neutral_Review,http://confOf#Registration_of_participants_event,0
http://ekaw#Research_Topic,http://confOf#Organization,0
http://ekaw#Research_Topic,http://confOf#Participant,0
http://ekaw#Research_Topic,http://confOf#Person,0
http://ekaw#Research_Topic,http://confOf#Author,0
http://ekaw#Research_Topic,http://confOf#University,0
http://ekaw#Research_Topic,http://confOf#Member_PC,0
http://ekaw#Research_Topic,http://confOf#Contribution,0
http://ekaw#Research_Topic,http://confOf#Paper,0
http://ekaw#Research_Topic,http://confOf#Topic,3670
http://ekaw#Research_Topic,http://confOf#Poster,0
http://ekaw#Research_Topic,http://confOf#Scholar,0
http://ekaw#Research_Topic,http://confOf#Event,0
http://ekaw#Research_Topic,http://confOf#Reviewing_results_event,0
http://ekaw#Research_Topic,http://confOf#Administrative_event,0
http://ekaw#Research_Topic,http://confOf#Submission_event,0
http://ekaw#Research_Topic,http://confOf#Reviewing_event,0
http://ekaw#Research_Topic,http://confOf#Working_event,0
http://ekaw#Research_Topic,http://confOf#Workshop,0
http://ekaw#Research_Topic,http://confOf#Chair_PC,0
http://ekaw#Research_Topic,http://confOf#Tutorial,0
http://ekaw#Research_Topic,http://confOf#Administrator,0
http://ekaw#Research_Topic,http://confOf#Camera_Ready_event,0
http://ekaw#Research_Topic,http://confOf#Social_event,0
http://ekaw#Research_Topic,http://confOf#Company,0
http://ekaw#Research_Topic,http://confOf#Reception,0
http://ekaw#Research_Topic,http://confOf#Conference,0
http://ekaw#Research_Topic,http://confOf#Banquet,0
http://ekaw#Research_Topic,http://confOf#Trip,0
http://ekaw#Research_Topic,http://confOf#Registration_of_participants_event,0
http://ekaw#Student,http://confOf#Organization,0
http://ekaw#Student,http://confOf#Participant,73
http://ekaw#Student,http://confOf#Person,159
http://ekaw#Student,http://confOf#Author,116
http://ekaw#Student,http://confOf#University,0
http://ekaw#Student,http://confOf#Member_PC,1
http://ekaw#Student,http://confOf#Contribution,0
http://ekaw#Student,http://confOf#Paper,0
http://ekaw#Student,http://confOf#Topic,0
http://ekaw#Student,http://confOf#Poster,0
http://ekaw#Student,http://confOf#Scholar,159
http://ekaw#Student,http://confOf#Event,0
http://ekaw#Student,http://confOf#Reviewing_results_event,0
http://ekaw#Student,http://confOf#Administrative_event,0
http://ekaw#Student,http://confOf#Submission_event,0
http://ekaw#Student,http://confOf#Reviewing_event,0
http://ekaw#Student,http://confOf#Working_event,0
http://ekaw#Student,http://confOf#Workshop,0
http://ekaw#Student,http://confOf#Chair_PC,0
http://ekaw#Student,http://confOf#Tutorial,0
http://ekaw#Student,http://confOf#Administrator,0
http://ekaw#Student,http://confOf#Camera_Ready_event,0
http://ekaw#Student,http://confOf#Social_event,0
http://ekaw#Student,http://confOf#Company,0
http://ekaw#Student,http://confOf#Reception,0
http://ekaw#Student,http://confOf#Conference,0
http://ekaw#Student,http://confOf#Banquet,0
http://ekaw#Student,http://confOf#Trip,0
http://ekaw#Student,http://confOf#Registration_of_participants_event,0
http://ekaw#Early-Registered_Participant,http://confOf#Organization,0
http://ekaw#Early-Registered_Participant,http://confOf#Participant,304
http://ekaw#Early-Registered_Participant,http://confOf#Person,304
http://ekaw#Early-Registered_Participant,http://confOf#Author,233
http://ekaw#Early-Registered_Participant,http://confOf#University,0
http://ekaw#Early-Registered_Participant,http://confOf#Member_PC,95
http://ekaw#Early-Registered_Participant,http://confOf#Contribution,0
http://ekaw#Early-Registered_Participant,http://confOf#Paper,0
http://ekaw#Early-Registered_Participant,http://confOf#Topic,0
http://ekaw#Early-Registered_Participant,http://confOf#Poster,0
http://ekaw#Early-Registered_Participant,http://confOf#Scholar,69
http://ekaw#Early-Registered_Participant,http://confOf#Event,0
http://ekaw#Early-Registered_Participant,http://confOf#Reviewing_results_event,0
http://ekaw#Early-Registered_Participant,http://confOf#Administrative_event,0
http://ekaw#Early-Registered_Participant,http://confOf#Submission_event,0
http://ekaw#Early-Registered_Participant,http://confOf#Reviewing_event,0
http://ekaw#Early-Registered_Participant,http://confOf#Working_event,0
http://ekaw#Early-Registered_Participant,http://confOf#Workshop,0
http://ekaw#Early-Registered_Participant,http://confOf#Chair_PC,1
http://ekaw#Early-Registered_Participant,http://confOf#Tutorial,0
http://ekaw#Early-Registered_Participant,http://confOf#Administrator,0
http://ekaw#Early-Registered_Participant,http://confOf#Camera_Ready_event,0
http://ekaw#Early-Registered_Participant,http://confOf#Social_event,0
http://ekaw#Early-Registered_Participant,http://confOf#Company,0
http://ekaw#Early-Registered_Participant,http://confOf#Reception,0
http://ekaw#Early-Registered_Participant,http://confOf#Conference,0
http://ekaw#Early-Registered_Participant,http://confOf#Banquet,0
http://ekaw#Early-Registered_Participant,http://confOf#Trip,0
http://ekaw#Early-Registered_Participant,http://confOf#Registration_of_participants_event,0
http://ekaw#Review,http://confOf#Organization,0
http://ekaw#Review,http://confOf#Participant,0
http://ekaw#Review,http://confOf#Person,0
http://ekaw#Review,http://confOf#Author,0
http://ekaw#Review,http://confOf#University,0
http://ekaw#Review,http://confOf#Member_PC,0
http://ekaw#Review,http://confOf#Contribution,0
http://ekaw#Review,http://confOf#Paper,0
http://ekaw#Review,http://confOf#Topic,0
http://ekaw#Review,http://confOf#Poster,0
http://ekaw#Review,http://confOf#Scholar,0
http://ekaw#Review,http://confOf#Event,0
http://ekaw#Review,http://confOf#Reviewing_results_event,0
http://ekaw#Review,http://confOf#Administrative_event,0
http://ekaw#Review,http://confOf#Submission_event,0
http://ekaw#Review,http://confOf#Reviewing_event,0
http://ekaw#Review,http://confOf#Working_event,0
http://ekaw#Review,http://confOf#Workshop,0
http://ekaw#Review,http://confOf#Chair_PC,0
http://ekaw#Review,http://confOf#Tutorial,0
http://ekaw#Review,http://confOf#Administrator,0
http://ekaw#Review,http://confOf#Camera_Ready_event,0
http://ekaw#Review,http://confOf#Social_event,0
http://ekaw#Review,http://confOf#Company,0
http://ekaw#Review,http://confOf#Reception,0
http://ekaw#Review,http://confOf#Conference,0
http://ekaw#Review,http://confOf#Banquet,0
http://ekaw#Review,http://confOf#Trip,0
http://ekaw#Review,http://confOf#Registration_of_participants_event,0
http://ekaw#Contributed_Talk,http://confOf#Organization,0
http://ekaw#Contributed_Talk,http://confOf#Participant,0
http://ekaw#Contributed_Talk,http://confOf#Person,0
http://ekaw#Contributed_Talk,http://confOf#Author,0
http://ekaw#Contributed_Talk,http://confOf#University,0
http://ekaw#Contributed_Talk,http://confOf#Member_PC,0
http://ekaw#Contributed_Talk,http://confOf#Contribution,0
http://ekaw#Contributed_Talk,http://confOf#Paper,0
http://ekaw#Contributed_Talk,http://confOf#Topic,0
http://ekaw#Contributed_Talk,http://confOf#Poster,0
http://ekaw#Contributed_Talk,http://confOf#Scholar,0
http://ekaw#Contributed_Talk,http://confOf#Event,0
http://ekaw#Contributed_Talk,http://confOf#Reviewing_results_event,0
http://ekaw#Contributed_Talk,http://confOf#Administrative_event,0
http://ekaw#Contributed_Talk,http://confOf#Submission_event,0
http://ekaw#Contributed_Talk,http://confOf#Reviewing_event,0
http://ekaw#Contributed_Talk,http://confOf#Working_event,0
http://ekaw#Contributed_Talk,http://confOf#Workshop,0
http://ekaw#Contributed_Talk,http://confOf#Chair_PC,0
http://ekaw#Contributed_Talk,http://confOf#Tutorial,0
http://ekaw#Contributed_Talk,http://confOf#Administrator,0
http://ekaw#Contributed_Talk,http://confOf#Camera_Ready_event,0
http://ekaw#Contributed_Talk,http://confOf#Social_event,0
http://ekaw#Contributed_Talk,http://confOf#Company,0
http://ekaw#Contributed_Talk,http://confOf#Reception,0
http://ekaw#Contributed_Talk,http://confOf#Conference,0
http://ekaw#Contributed_Talk,http://confOf#Banquet,0
http://ekaw#Contributed_Talk,http://confOf#Trip,0
http://ekaw#Contributed_Talk,http://confOf#Registration_of_participants_event,0
http://ekaw#Document,http://confOf#Organization,0
http://ekaw#Document,http://confOf#Participant,0
http://ekaw#Document,http://confOf#Person,0
http://ekaw#Document,http://confOf#Author,0
http://ekaw#Document,http://confOf#University,0
http://ekaw#Document,http://confOf#Member_PC,0
http://ekaw#Document,http://confOf#Contribution,249
http://ekaw#Document,http://confOf#Paper,162
http://ekaw#Document,http://confOf#Topic,0
http://ekaw#Document,http://confOf#Poster,87
http://ekaw#Document,http://confOf#Scholar,0
http://ekaw#Document,http://confOf#Event,0
http://ekaw#Document,http://confOf#Reviewing_results_event,0
http://ekaw#Document,http://confOf#Administrative_event,0
http://ekaw#Document,http://confOf#Submission_event,0
http://ekaw#Document,http://confOf#Reviewing_event,0
http://ekaw#Document,http://confOf#Working_event,0
http://ekaw#Document,http://confOf#Workshop,0
http://ekaw#Document,http://confOf#Chair_PC,0
http://ekaw#Document,http://confOf#Tutorial,0
http://ekaw#Document,http://confOf#Administrator,0
http://ekaw#Document,http://confOf#Camera_Ready_event,0
http://ekaw#Document,http://confOf#Social_event,0
http://ekaw#Document,http://confOf#Company,0
http://ekaw#Document,http://confOf#Reception,0
http://ekaw#Document,http://confOf#Conference,0
http://ekaw#Document,http://confOf#Banquet,0
http://ekaw#Document,http://confOf#Trip,0
http://ekaw#Document,http://confOf#Registration_of_participants_event,0
http://ekaw#Rejected_Paper,http://confOf#Organization,0
http://ekaw#Rejected_Paper,http://confOf#Participant,0
http://ekaw#Rejected_Paper,http://confOf#Person,0
http://ekaw#Rejected_Paper,http://confOf#Author,0
http://ekaw#Rejected_Paper,http://confOf#University,0
http://ekaw#Rejected_Paper,http://confOf#Member_PC,0
http://ekaw#Rejected_Paper,http://confOf#Contribution,154
http://ekaw#Rejected_Paper,http://confOf#Paper,147
http://ekaw#Rejected_Paper,http://confOf#Topic,0
http://ekaw#Rejected_Paper,http://confOf#Poster,7
http://ekaw#Rejected_Paper,http://confOf#Scholar,0
http://ekaw#Rejected_Paper,http://confOf#Event,0
http://ekaw#Rejected_Paper,http://confOf#Reviewing_results_event,0
http://ekaw#Rejected_Paper,http://confOf#Administrative_event,0
http://ekaw#Rejected_Paper,http://confOf#Submission_event,0
http://ekaw#Rejected_Paper,http://confOf#Reviewing_event,0
http://ekaw#Rejected_Paper,http://confOf#Working_event,0
http://ekaw#Rejected_Paper,http://confOf#Workshop,0
http://ekaw#Rejected_Paper,http://confOf#Chair_PC,0
http://ekaw#Rejected_Paper,http://confOf#Tutorial,0
http://ekaw#Rejected_Paper,http://confOf#Administrator,0
http://ekaw#Rejected_Paper,http://confOf#Camera_Ready_event,0
http://ekaw#Rejected_Paper,http://confOf#Social_event,0
http://ekaw#Rejected_Paper,http://confOf#Company,0
http://ekaw#Rejected_Paper,http://confOf#Reception,0
http://ekaw#Rejected_Paper,http://confOf#Conference,0
http://ekaw#Rejected_Paper,http://confOf#Banquet,0
http://ekaw#Rejected_Paper,http://confOf#Trip,0
http://ekaw#Rejected_Paper,http://confOf#Registration_of_participants_event,0
http://ekaw#Accepted_Paper,http://confOf#Organization,0
http://ekaw#Accepted_Paper,http://confOf#Participant,0
http://ekaw#Accepted_Paper,http://confOf#Person,0
http://ekaw#Accepted_Paper,http://confOf#Author,0
http://ekaw#Accepted_Paper,http://confOf#University,0
http://ekaw#Accepted_Paper,http://confOf#Member_PC,0
http://ekaw#Accepted_Paper,http://confOf#Contribution,95
http://ekaw#Accepted_Paper,http://confOf#Paper,15
http://ekaw#Accepted_Paper,http://confOf#Topic,0
http://ekaw#Accepted_Paper,http://confOf#Poster,80
http://ekaw#Accepted_Paper,http://confOf#Scholar,0
http://ekaw#Accepted_Paper,http://confOf#Event,0
http://ekaw#Accepted_Paper,http://confOf#Reviewing_results_event,0
http://ekaw#Accepted_Paper,http://confOf#Administrative_event,0
http://ekaw#Accepted_Paper,http://confOf#Submission_event,0
http://ekaw#Accepted_Paper,http://confOf#Reviewing_event,0
http://ekaw#Accepted_Paper,http://confOf#Working_event,0
http://ekaw#Accepted_Paper,http://confOf#Workshop,0
http://ekaw#Accepted_Paper,http://confOf#Chair_PC,0
http://ekaw#Accepted_Paper,http://confOf#Tutorial,0
http://ekaw#Accepted_Paper,http://confOf#Administrator,0
http://ekaw#Accepted_Paper,http://confOf#Camera_Ready_event,0
http://ekaw#Accepted_Paper,http://confOf#Social_event,0
http://ekaw#Accepted_Paper,http://confOf#Company,0
http://ekaw#Accepted_Paper,http://confOf#Reception,0
http://ekaw#Accepted_Paper,http://confOf#Conference,0
http://ekaw#Accepted_Paper,http://confOf#Banquet,0
http://ekaw#Accepted_Paper,http://confOf#Trip,0
http://ekaw#Accepted_Paper,http://confOf#Registration_of_participants_event,0
http://ekaw#University,http://confOf#Organization,73
http://ekaw#University,http://confOf#Participant,0
http://ekaw#University,http://confOf#Person,0
http://ekaw#University,http://confOf#Author,0
http://ekaw#University,http://confOf#University,73
http://ekaw#University,http://confOf#Member_PC,0
http://ekaw#University,http://confOf#Contribution,0
http://ekaw#University,http://confOf#Paper,0
http://ekaw#University,http://confOf#Topic,0
http://ekaw#University,http://confOf#Poster,0
http://ekaw#University,http://confOf#Scholar,0
http://ekaw#University,http://confOf#Event,0
http://ekaw#University,http://confOf#Reviewing_results_event,0
http://ekaw#University,http://confOf#Administrative_event,0
http://ekaw#University,http://confOf#Submission_event,0
http://ekaw#University,http://confOf#Reviewing_event,0
http://ekaw#University,http://confOf#Working_event,0
http://ekaw#University,http://confOf#Workshop,0
http://ekaw#University,http://confOf#Chair_PC,0
http://ekaw#University,http://confOf#Tutorial,0
http://ekaw#University,http://confOf#Administrator,0
http://ekaw#University,http://confOf#Camera_Ready_event,0
http://ekaw#University,http://confOf#Social_event,0
http://ekaw#University,http://confOf#Company,0
http://ekaw#University,http://confOf#Reception,0
http://ekaw#University,http://confOf#Conference,0
http://ekaw#University,http://confOf#Banquet,0
http://ekaw#University,http://confOf#Trip,0
http://ekaw#University,http://confOf#Registration_of_participants_event,0
http://ekaw#PC_Member,http://confOf#Organization,0
http://ekaw#PC_Member,http://confOf#Participant,116
http://ekaw#PC_Member,http://confOf#Person,173
http://ekaw#PC_Member,http://confOf#Author,144
http://ekaw#PC_Member,http://confOf#University,0
http://ekaw#PC_Member,http://confOf#Member_PC,143
http://ekaw#PC_Member,http://confOf#Contribution,0
http://ekaw#PC_Member,http://confOf#Paper,0
http://ekaw#PC_Member,http://confOf#Topic,0
http://ekaw#PC_Member,http://confOf#Poster,0
http://ekaw#PC_Member,http://confOf#Scholar,5
http://ekaw#PC_Member,http://confOf#Event,0
http://ekaw#PC_Member,http://confOf#Reviewing_results_event,0
http://ekaw#PC_Member,http://confOf#Administrative_event,0
http://ekaw#PC_Member,http://confOf#Submission_event,0
http://ekaw#PC_Member,http://confOf#Reviewing_event,0
http://ekaw#PC_Member,http://confOf#Working_event,0
http://ekaw#PC_Member,http://confOf#Workshop,0
http://ekaw#PC_Member,http://confOf#Chair_PC,1
http://ekaw#PC_Member,http://confOf#Tutorial,0
http://ekaw#PC_Member,http://confOf#Administrator,0
http://ekaw#PC_Member,http://confOf#Camera_Ready_event,0
http://ekaw#PC_Member,http://confOf#Social_event,0
http://ekaw#PC_Member,http://confOf#Company,0
http://ekaw#PC_Member,http://confOf#Reception,0
http://ekaw#PC_Member,http://confOf#Conference,0
http://ekaw#PC_Member,http://confOf#Banquet,0
http://ekaw#PC_Member,http://confOf#Trip,0
http://ekaw#PC_Member,http://confOf#Registration_of_participants_event,0
http://ekaw#Positive_Review,http://confOf#Organization,0
http://ekaw#Positive_Review,http://confOf#Participant,0
http://ekaw#Positive_Review,http://confOf#Person,0
http://ekaw#Positive_Review,http://confOf#Author,0
http://ekaw#Positive_Review,http://confOf#University,0
http://ekaw#Positive_Review,http://confOf#Member_PC,0
http://ekaw#Positive_Review,http://confOf#Contribution,0
http://ekaw#Positive_Review,http://confOf#Paper,0
http://ekaw#Positive_Review,http://confOf#Topic,0
http://ekaw#Positive_Review,http://confOf#Poster,0
http://ekaw#Positive_Review,http://confOf#Scholar,0
http://ekaw#Positive_Review,http://confOf#Event,0
http://ekaw#Positive_Review,http://confOf#Reviewing_results_event,0
http://ekaw#Positive_Review,http://confOf#Administrative_event,0
http://ekaw#Positive_Review,http://confOf#Submission_event,0
http://ekaw#Positive_Review,http://confOf#Reviewing_event,0
http://ekaw#Positive_Review,http://confOf#Working_event,0
http://ekaw#Positive_Review,http://confOf#Workshop,0
http://ekaw#Positive_Review,http://confOf#Chair_PC,0
http://ekaw#Positive_Review,http://confOf#Tutorial,0
http://ekaw#Positive_Review,http://confOf#Administrator,0
http://ekaw#Positive_Review,http://confOf#Camera_Ready_event,0
http://ekaw#Positive_Review,http://confOf#Social_event,0
http://ekaw#Positive_Review,http://confOf#Company,0
http://ekaw#Positive_Review,http://confOf#Reception,0
http://ekaw#Positive_Review,http://confOf#Conference,0
http://ekaw#Positive_Review,http://confOf#Banquet,0
http://ekaw#Positive_Review,http://confOf#Trip,0
http://ekaw#Positive_Review,http://confOf#Registration_of_participants_event,0
http://ekaw#Academic_Institution,http://confOf#Organization,73
http://ekaw#Academic_Institution,http://confOf#Participant,0
http://ekaw#Academic_Institution,http://confOf#Person,0
http://ekaw#Academic_Institution,http://confOf#Author,0
http://ekaw#Academic_Institution,http://confOf#University,73
http://ekaw#Academic_Institution,http://confOf#Member_PC,0
http://ekaw#Academic_Institution,http://confOf#Contribution,0
http://ekaw#Academic_Institution,http://confOf#Paper,0
http://ekaw#Academic_Institution,http://confOf#Topic,0
http://ekaw#Academic_Institution,http://confOf#Poster,0
http://ekaw#Academic_Institution,http://confOf#Scholar,0
http://ekaw#Academic_Institution,http://confOf#Event,0
http://ekaw#Academic_Institution,http://confOf#Reviewing_results_event,0
http://ekaw#Academic_Institution,http://confOf#Administrative_event,0
http://ekaw#Academic_Institution,http://confOf#Submission_event,0
http://ekaw#Academic_Institution,http://confOf#Reviewing_event,0
http://ekaw#Academic_Institution,http://confOf#Working_event,0
http://ekaw#Academic_Institution,http://confOf#Workshop,0
http://ekaw#Academic_Institution,http://confOf#Chair_PC,0
http://ekaw#Academic_Institution,http://confOf#Tutorial,0
http://ekaw#Academic_Institution,http://confOf#Administrator,0
http://ekaw#Academic_Institution,http://confOf#Camera_Ready_event,0
http://ekaw#Academic_Institution,http://confOf#Social_event,0
http://ekaw#Academic_Institution,http://confOf#Company,0
http://ekaw#Academic_Institution,http://confOf#Reception,0
http://ekaw#Academic_Institution,http://confOf#Conference,0
http://ekaw#Academic_Institution,http://confOf#Banquet,0
http://ekaw#Academic_Institution,http://confOf#Trip,0
http://ekaw#Academic_Institution,http://confOf#Registration_of_participants_event,0
http://ekaw#Conference_Participant,http://confOf#Organization,0
http://ekaw#Conference_Participant,http://confOf#Participant,313
http://ekaw#Conference_Participant,http://confOf#Person,337
http://ekaw#Conference_Participant,http://confOf#Author,253
http://ekaw#Conference_Participant,http://confOf#University,0
http://ekaw#Conference_Participant,http://confOf#Member_PC,100
http://ekaw#Conference_Participant,http://confOf#Contribution,0
http://ekaw#Conference_Participant,http://confOf#Paper,0
http://ekaw#Conference_Participant,http://confOf#Topic,0
http://ekaw#Conference_Participant,http://confOf#Poster,0
http://ekaw#Conference_Participant,http://confOf#Scholar,73
http://ekaw#Conference_Participant,http://confOf#Event,0
http://ekaw#Conference_Participant,http://confOf#Reviewing_results_event,0
http://ekaw#Conference_Participant,http://confOf#Administrative_event,0
http://ekaw#Conference_Participant,http://confOf#Submission_event,0
http://ekaw#Conference_Participant,http://confOf#Reviewing_event,0
http://ekaw#Conference_Participant,http://confOf#Working_event,0
http://ekaw#Conference_Participant,http://confOf#Workshop,0
http://ekaw#Conference_Participant,http://confOf#Chair_PC,1
http://ekaw#Conference_Participant,http://confOf#Tutorial,0
http://ekaw#Conference_Participant,http://confOf#Administrator,1
http://ekaw#Conference_Participant,http://confOf#Camera_Ready_event,0
http://ekaw#Conference_Participant,http://confOf#Social_event,0
http://ekaw#Conference_Participant,http://confOf#Company,0
http://ekaw#Conference_Participant,http://confOf#Reception,0
http://ekaw#Conference_Participant,http://confOf#Conference,0
http://ekaw#Conference_Participant,http://confOf#Banquet,0
http://ekaw#Conference_Participant,http://confOf#Trip,0
http://ekaw#Conference_Participant,http://confOf#Registration_of_participants_event,0
http://ekaw#Poster_Paper,http://confOf#Organization,0
http://ekaw#Poster_Paper,http://confOf#Participant,0
http://ekaw#Poster_Paper,http://confOf#Person,0
http://ekaw#Poster_Paper,http://confOf#Author,0
http://ekaw#Poster_Paper,http://confOf#University,0
http://ekaw#Poster_Paper,http://confOf#Member_PC,0
http://ekaw#Poster_Paper,http://confOf#Contribution,41
http://ekaw#Poster_Paper,http://confOf#Paper,0
http://ekaw#Poster_Paper,http://confOf#Topic,0
http://ekaw#Poster_Paper,http://confOf#Poster,41
http://ekaw#Poster_Paper,http://confOf#Scholar,0
http://ekaw#Poster_Paper,http://confOf#Event,0
http://ekaw#Poster_Paper,http://confOf#Reviewing_results_event,0
http://ekaw#Poster_Paper,http://confOf#Administrative_event,0
http://ekaw#Poster_Paper,http://confOf#Submission_event,0
http://ekaw#Poster_Paper,http://confOf#Reviewing_event,0
http://ekaw#Poster_Paper,http://confOf#Working_event,0
http://ekaw#Poster_Paper,http://confOf#Workshop,0
http://ekaw#Poster_Paper,http://confOf#Chair_PC,0
http://ekaw#Poster_Paper,http://confOf#Tutorial,0
http://ekaw#Poster_Paper,http://confOf#Administrator,0
http://ekaw#Poster_Paper,http://confOf#Camera_Ready_event,0
http://ekaw#Poster_Paper,http://confOf#Social_event,0
http://ekaw#Poster_Paper,http://confOf#Company,0
http://ekaw#Poster_Paper,http://confOf#Reception,0
http://ekaw#Poster_Paper,http://confOf#Conference,0
http://ekaw#Poster_Paper,http://confOf#Banquet,0
http://ekaw#Poster_Paper,http://confOf#Trip,0
http://ekaw#Poster_Paper,http://confOf#Registration_of_participants_event,0
http://ekaw#Camera_Ready_Paper,http://confOf#Organization,0
http://ekaw#Camera_Ready_Paper,http://confOf#Participant,0
http://ekaw#Camera_Ready_Paper,http://confOf#Person,0
http://ekaw#Camera_Ready_Paper,http://confOf#Author,0
http://ekaw#Camera_Ready_Paper,http://confOf#University,0
http://ekaw#Camera_Ready_Paper,http://confOf#Member_PC,0
http://ekaw#Camera_Ready_Paper,http://confOf#Contribution,95
http://ekaw#Camera_Ready_Paper,http://confOf#Paper,15
http://ekaw#Camera_Ready_Paper,http://confOf#Topic,0
http://ekaw#Camera_Ready_Paper,http://confOf#Poster,80
http://ekaw#Camera_Ready_Paper,http://confOf#Scholar,0
http://ekaw#Camera_Ready_Paper,http://confOf#Event,0
http://ekaw#Camera_Ready_Paper,http://confOf#Reviewing_results_event,0
http://ekaw#Camera_Ready_Paper,http://confOf#Administrative_event,0
http://ekaw#Camera_Ready_Paper,http://confOf#Submission_event,0
http://ekaw#Camera_Ready_Paper,http://confOf#Reviewing_event,0
http://ekaw#Camera_Ready_Paper,http://confOf#Working_event,0
http://ekaw#Camera_Ready_Paper,http://confOf#Workshop,0
http://ekaw#Camera_Ready_Paper,http://confOf#Chair_PC,0
http://ekaw#Camera_Ready_Paper,http://confOf#Tutorial,0
http://ekaw#Camera_Ready_Paper,http://confOf#Administrator,0
http://ekaw#Camera_Ready_Paper,http://confOf#Camera_Ready_event,0
http://ekaw#Camera_Ready_Paper,http://confOf#Social_event,0
http://ekaw#Camera_Ready_Paper,http://confOf#Company,0
http://ekaw#Camera_Ready_Paper,http://confOf#Reception,0
http://ekaw#Camera_Ready_Paper,http://confOf#Conference,0
http://ekaw#Camera_Ready_Paper,http://confOf#Banquet,0
http://ekaw#Camera_Ready_Paper,http://confOf#Trip,0
http://ekaw#Camera_Ready_Paper,http://confOf#Registration_of_participants_event,0
http://ekaw#Paper_Author,http://confOf#Organization,0
http://ekaw#Paper_Author,http://confOf#Participant,240
http://ekaw#Paper_Author,http://confOf#Person,437
http://ekaw#Paper_Author,http://confOf#Author,437
http://ekaw#Paper_Author,http://confOf#University,0
http://ekaw#Paper_Author,http://confOf#Member_PC,127
http://ekaw#Paper_Author,http://confOf#Contribution,0
http://ekaw#Paper_Author,http://confOf#Paper,0
http://ekaw#Paper_Author,http://confOf#Topic,0
http://ekaw#Paper_Author,http://confOf#Poster,0
http://ekaw#Paper_Author,http://confOf#Scholar,116
http://ekaw#Paper_Author,http://confOf#Event,0
http://ekaw#Paper_Author,http://confOf#Reviewing_results_event,0
http://ekaw#Paper_Author,http://confOf#Administrative_event,0
http://ekaw#Paper_Author,http://confOf#Submission_event,0
http://ekaw#Paper_Author,http://confOf#Reviewing_event,0
http://ekaw#Paper_Author,http://confOf#Working_event,0
http://ekaw#Paper_Author,http://confOf#Workshop,0
http://ekaw#Paper_Author,http://confOf#Chair_PC,1
http://ekaw#Paper_Author,http://confOf#Tutorial,0
http://ekaw#Paper_Author,http://confOf#Administrator,0
http://ekaw#Paper_Author,http://confOf#Camera_Ready_event,0
http://ekaw#Paper_Author,http://confOf#Social_event,0
http://ekaw#Paper_Author,http://confOf#Company,0
http://ekaw#Paper_Author,http://confOf#Reception,0
http://ekaw#Paper_Author,http://confOf#Conference,0
http://ekaw#Paper_Author,http://confOf#Banquet,0
http://ekaw#Paper_Author,http://confOf#Trip,0
http://ekaw#Paper_Author,http://confOf#Registration_of_participants_event,0
http://ekaw#Negative_Review,http://confOf#Organization,0
http://ekaw#Negative_Review,http://confOf#Participant,0
http://ekaw#Negative_Review,http://confOf#Person,0
http://ekaw#Negative_Review,http://confOf#Author,0
http://ekaw#Negative_Review,http://confOf#University,0
http://ekaw#Negative_Review,http://confOf#Member_PC,0
http://ekaw#Negative_Review,http://confOf#Contribution,0
http://ekaw#Negative_Review,http://confOf#Paper,0
http://ekaw#Negative_Review,http://confOf#Topic,0
http://ekaw#Negative_Review,http://confOf#Poster,0
http://ekaw#Negative_Review,http://confOf#Scholar,0
http://ekaw#Negative_Review,http://confOf#Event,0
http://ekaw#Negative_Review,http://confOf#Reviewing_results_event,0
http://ekaw#Negative_Review,http://confOf#Administrative_event,0
http://ekaw#Negative_Review,http://confOf#Submission_event,0
http://ekaw#Negative_Review,http://confOf#Reviewing_event,0
http://ekaw#Negative_Review,http://confOf#Working_event,0
http://ekaw#Negative_Review,http://confOf#Workshop,0
http://ekaw#Negative_Review,http://confOf#Chair_PC,0
http://ekaw#Negative_Review,http://confOf#Tutorial,0
http://ekaw#Negative_Review,http://confOf#Administrator,0
http://ekaw#Negative_Review,http://confOf#Camera_Ready_event,0
http://ekaw#Negative_Review,http://confOf#Social_event,0
http://ekaw#Negative_Review,http://confOf#Company,0
http://ekaw#Negative_Review,http://confOf#Reception,0
http://ekaw#Negative_Review,http://confOf#Conference,0
http://ekaw#Negative_Review,http://confOf#Banquet,0
http://ekaw#Negative_Review,http://confOf#Trip,0
http://ekaw#Negative_Review,http://confOf#Registration_of_participants_event,0
http://ekaw#Possible_Reviewer,http://confOf#Organization,0
http://ekaw#Possible_Reviewer,http://confOf#Participant,204
http://ekaw#Possible_Reviewer,http://confOf#Person,360
http://ekaw#Possible_Reviewer,http://confOf#Author,260
http://ekaw#Possible_Reviewer,http://confOf#University,0
http://ekaw#Possible_Reviewer,http://confOf#Member_PC,143
http://ekaw#Possible_Reviewer,http://confOf#Contribution,0
http://ekaw#Possible_Reviewer,http://confOf#Paper,0
http://ekaw#Possible_Reviewer,http://confOf#Topic,0
http://ekaw#Possible_Reviewer,http://confOf#Poster,0
http://ekaw#Possible_Reviewer,http://confOf#Scholar,73
http://ekaw#Possible_Reviewer,http://confOf#Event,0
http://ekaw#Possible_Reviewer,http://confOf#Reviewing_results_event,0
http://ekaw#Possible_Reviewer,http://confOf#Administrative_event,0
http://ekaw#Possible_Reviewer,http://confOf#Submission_event,0
http://ekaw#Possible_Reviewer,http://confOf#Reviewing_event,0
http://ekaw#Possible_Reviewer,http://confOf#Working_event,0
http://ekaw#Possible_Reviewer,http://confOf#Workshop,0
http://ekaw#Possible_Reviewer,http://confOf#Chair_PC,1
http://ekaw#Possible_Reviewer,http://confOf#Tutorial,0
http://ekaw#Possible_Reviewer,http://confOf#Administrator,0
http://ekaw#Possible_Reviewer,http://confOf#Camera_Ready_event,0
http://ekaw#Possible_Reviewer,http://confOf#Social_event,0
http://ekaw#Possible_Reviewer,http://confOf#Company,0
http://ekaw#Possible_Reviewer,http://confOf#Reception,0
http://ekaw#Possible_Reviewer,http://confOf#Conference,0
http://ekaw#Possible_Reviewer,http://confOf#Banquet,0
http://ekaw#Possible_Reviewer,http://confOf#Trip,0
http://ekaw#Possible_Reviewer,http://confOf#Registration_of_participants_event,0
http://ekaw#Paper,http://confOf#Organization,0
http://ekaw#Paper,http://confOf#Participant,0
http://ekaw#Paper,http://confOf#Person,0
http://ekaw#Paper,http://confOf#Author,0
http://ekaw#Paper,http://confOf#University,0
http://ekaw#Paper,http://confOf#Member_PC,0
http://ekaw#Paper,http://confOf#Contribution,249
http://ekaw#Paper,http://confOf#Paper,162
http://ekaw#Paper,http://confOf#Topic,0
http://ekaw#Paper,http://confOf#Poster,87
http://ekaw#Paper,http://confOf#Scholar,0
http://ekaw#Paper,http://confOf#Event,0
http://ekaw#Paper,http://confOf#Reviewing_results_event,0
http://ekaw#Paper,http://confOf#Administrative_event,0
http://ekaw#Paper,http://confOf#Submission_event,0
http://ekaw#Paper,http://confOf#Reviewing_event,0
http://ekaw#Paper,http://confOf#Working_event,0
http://ekaw#Paper,http://confOf#Workshop,0
http://ekaw#Paper,http://confOf#Chair_PC,0
http://ekaw#Paper,http://confOf#Tutorial,0
http://ekaw#Paper,http://confOf#Administrator,0
http://ekaw#Paper,http://confOf#Camera_Ready_event,0
http://ekaw#Paper,http://confOf#Social_event,0
http://ekaw#Paper,http://confOf#Company,0
http://ekaw#Paper,http://confOf#Reception,0
http://ekaw#Paper,http://confOf#Conference,0
http://ekaw#Paper,http://confOf#Banquet,0
http://ekaw#Paper,http://confOf#Trip,0
http://ekaw#Paper,http://confOf#Registration_of_participants_event,0
http://ekaw#Evaluated_Paper,http://confOf#Organization,0
http://ekaw#Evaluated_Paper,http://confOf#Participant,0
http://ekaw#Evaluated_Paper,http://confOf#Person,0
http://ekaw#Evaluated_Paper,http://confOf#Author,0
http://ekaw#Evaluated_Paper,http://confOf#University,0
http://ekaw#Evaluated_Paper,http://confOf#Member_PC,0
http://ekaw#Evaluated_Paper,http://confOf#Contribution,249
http://ekaw#Evaluated_Paper,http://confOf#Paper,162
http://ekaw#Evaluated_Paper,http://confOf#Topic,0
http://ekaw#Evaluated_Paper,http://confOf#Poster,87
http://ekaw#Evaluated_Paper,http://confOf#Scholar,0
http://ekaw#Evaluated_Paper,http://confOf#Event,0
http://ekaw#Evaluated_Paper,http://confOf#Reviewing_results_event,0
http://ekaw#Evaluated_Paper,http://confOf#Administrative_event,0
http://ekaw#Evaluated_Paper,http://confOf#Submission_event,0
http://ekaw#Evaluated_Paper,http://confOf#Reviewing_event,0
http://ekaw#Evaluated_Paper,http://confOf#Working_event,0
http://ekaw#Evaluated_Paper,http://confOf#Workshop,0
http://ekaw#Evaluated_Paper,http://confOf#Chair_PC,0
http://ekaw#Evaluated_Paper,http://confOf#Tutorial,0
http://ekaw#Evaluated_Paper,http://confOf#Administrator,0
http://ekaw#Evaluated_Paper,http://confOf#Camera_Ready_event,0
http://ekaw#Evaluated_Paper,http://confOf#Social_event,0
http://ekaw#Evaluated_Paper,http://confOf#Company,0
http://ekaw#Evaluated_Paper,http://confOf#Reception,0
http://ekaw#Evaluated_Paper,http://confOf#Conference,0
http://ekaw#Evaluated_Paper,http://confOf#Banquet,0
http://ekaw#Evaluated_Paper,http://confOf#Trip,0
http://ekaw#Evaluated_Paper,http://confOf#Registration_of_participants_event,0
http://ekaw#Person,http://confOf#Organization,0
http://ekaw#Person,http://confOf#Participant,313
http://ekaw#Person,http://confOf#Person,625
http://ekaw#Person,http://confOf#Author,437
http://ekaw#Person,http://confOf#University,0
http://ekaw#Person,http://confOf#Member_PC,143
http://ekaw#Person,http://confOf#Contribution,0
http://ekaw#Person,http://confOf#Paper,0
http://ekaw#Person,http://confOf#Topic,0
http://ekaw#Person,http://confOf#Poster,0
http://ekaw#Person,http://confOf#Scholar,159
http://ekaw#Person,http://confOf#Event,0
http://ekaw#Person,http://confOf#Reviewing_results_event,0
http://ekaw#Person,http://confOf#Administrative_event,0
http://ekaw#Person,http://confOf#Submission_event,0
http://ekaw#Person,http://confOf#Reviewing_event,0
http://ekaw#Person,http://confOf#Working_event,0
http://ekaw#Person,http://confOf#Workshop,0
http://ekaw#Person,http://confOf#Chair_PC,1
http://ekaw#Person,http://confOf#Tutorial,0
http://ekaw#Person,http://confOf#Administrator,1
http://ekaw#Person,http://confOf#Camera_Ready_event,0
http://ekaw#Person,http://confOf#Social_event,0
http://ekaw#Person,http://confOf#Company,0
http://ekaw#Person,http://confOf#Reception,0
http://ekaw#Person,http://confOf#Conference,0
http://ekaw#Person,http://confOf#Banquet,0
http://ekaw#Person,http://confOf#Trip,0
http://ekaw#Person,http://confOf#Registration_of_participants_event,0
http://ekaw#Scientific_Event,http://confOf#Organization,0
http://ekaw#Scientific_Event,http://confOf#Participant,0
http://ekaw#Scientific_Event,http://confOf#Person,0
http://ekaw#Scientific_Event,http://confOf#Author,0
http://ekaw#Scientific_Event,http://confOf#University,0
http://ekaw#Scientific_Event,http://confOf#Member_PC,0
http://ekaw#Scientific_Event,http://confOf#Contribution,0
http://ekaw#Scientific_Event,http://confOf#Paper,0
http://ekaw#Scientific_Event,http://confOf#Topic,0
http://ekaw#Scientific_Event,http://confOf#Poster,0
http://ekaw#Scientific_Event,http://confOf#Scholar,0
http://ekaw#Scientific_Event,http://confOf#Event,11
http://ekaw#Scientific_Event,http://confOf#Reviewing_results_event,0
http://ekaw#Scientific_Event,http://confOf#Administrative_event,0
http://ekaw#Scientific_Event,http://confOf#Submission_event,0
http://ekaw#Scientific_Event,http://confOf#Reviewing_event,0
http://ekaw#Scientific_Event,http://confOf#Working_event,11
http://ekaw#Scientific_Event,http://confOf#Workshop,6
http://ekaw#Scientific_Event,http://confOf#Chair_PC,0
http://ekaw#Scientific_Event,http://confOf#Tutorial,4
http://ekaw#Scientific_Event,http://confOf#Administrator,0
http://ekaw#Scientific_Event,http://confOf#Camera_Ready_event,0
http://ekaw#Scientific_Event,http://confOf#Social_event,0
http://ekaw#Scientific_Event,http://confOf#Company,0
http://ekaw#Scientific_Event,http://confOf#Reception,0
http://ekaw#Scientific_Event,http://confOf#Conference,1
http://ekaw#Scientific_Event,http://confOf#Banquet,0
http://ekaw#Scientific_Event,http://confOf#Trip,0
http://ekaw#Scientific_Event,http://confOf#Registration_of_participants_event,0
http://ekaw#Individual_Presentation,http://confOf#Organization,0
http://ekaw#Individual_Presentation,http://confOf#Participant,0
http://ekaw#Individual_Presentation,http://confOf#Person,0
http://ekaw#Individual_Presentation,http://confOf#Author,0
http://ekaw#Individual_Presentation,http://confOf#University,0
http://ekaw#Individual_Presentation,http://confOf#Member_PC,0
http://ekaw#Individual_Presentation,http://confOf#Contribution,0
http://ekaw#Individual_Presentation,http://confOf#Paper,0
http://ekaw#Individual_Presentation,http://confOf#Topic,0
http://ekaw#Individual_Presentation,http://confOf#Poster,0
http://ekaw#Individual_Presentation,http://confOf#Scholar,0
http://ekaw#Individual_Presentation,http://confOf#Event,4
http://ekaw#Individual_Presentation,http://confOf#Reviewing_results_event,0
http://ekaw#Individual_Presentation,http://confOf#Administrative_event,0
http://ekaw#Individual_Presentation,http://confOf#Submission_event,0
http://ekaw#Individual_Presentation,http://confOf#Reviewing_event,0
http://ekaw#Individual_Presentation,http://confOf#Working_event,4
http://ekaw#Individual_Presentation,http://confOf#Workshop,0
http://ekaw#Individual_Presentation,http://confOf#Chair_PC,0
http://ekaw#Individual_Presentation,http://confOf#Tutorial,4
http://ekaw#Individual_Presentation,http://confOf#Administrator,0
http://ekaw#Individual_Presentation,http://confOf#Camera_Ready_event,0
http://ekaw#Individual_Presentation,http://confOf#Social_event,0
http://ekaw#Individual_Presentation,http://confOf#Company,0
http://ekaw#Individual_Presentation,http://confOf#Reception,0
http://ekaw#Individual_Presentation,http://confOf#Conference,0
http://ekaw#Individual_Presentation,http://confOf#Banquet,0
http://ekaw#Individual_Presentation,http://confOf#Trip,0
http://ekaw#Individual_Presentation,http://confOf#Registration_of_participants_event,0
http://ekaw#Assigned_Paper,http://confOf#Organization,0
http://ekaw#Assigned_Paper,http://confOf#Participant,0
http://ekaw#Assigned_Paper,http://confOf#Person,0
http://ekaw#Assigned_Paper,http://confOf#Author,0
http://ekaw#Assigned_Paper,http://confOf#University,0
http://ekaw#Assigned_Paper,http://confOf#Member_PC,0
http://ekaw#Assigned_Paper,http://confOf#Contribution,249
http://ekaw#Assigned_Paper,http://confOf#Paper,162
http://ekaw#Assigned_Paper,http://confOf#Topic,0
http://ekaw#Assigned_Paper,http://confOf#Poster,87
http://ekaw#Assigned_Paper,http://confOf#Scholar,0
http://ekaw#Assigned_Paper,http://confOf#Event,0
http://ekaw#Assigned_Paper,http://confOf#Reviewing_results_event,0
http://ekaw#Assigned_Paper,http://confOf#Administrative_event,0
http://ekaw#Assigned_Paper,http://confOf#Submission_event,0
http://ekaw#Assigned_Paper,http://confOf#Reviewing_event,0
http://ekaw#Assigned_Paper,http://confOf#Working_event,0
http://ekaw#Assigned_Paper,http://confOf#Workshop,0
http://ekaw#Assigned_Paper,http://confOf#Chair_PC,0
http://ekaw#Assigned_Paper,http://confOf#Tutorial,0
http://ekaw#Assigned_Paper,http://confOf#Administrator,0
http://ekaw#Assigned_Paper,http://confOf#Camera_Ready_event,0
http://ekaw#Assigned_Paper,http://confOf#Social_event,0
http://ekaw#Assigned_Paper,http://confOf#Company,0
http://ekaw#Assigned_Paper,http://confOf#Reception,0
http://ekaw#Assigned_Paper,http://confOf#Conference,0
http://ekaw#Assigned_Paper,http://confOf#Banquet,0
http://ekaw#Assigned_Paper,http://confOf#Trip,0
http://ekaw#Assigned_Paper,http://confOf#Registration_of_participants_event,0
http://ekaw#Conference_Paper,http://confOf#Organization,0
http://ekaw#Conference_Paper,http://confOf#Participant,0
http://ekaw#Conference_Paper,http://confOf#Person,0
http://ekaw#Conference_Paper,http://confOf#Author,0
http://ekaw#Conference_Paper,http://confOf#University,0
http://ekaw#Conference_Paper,http://confOf#Member_PC,0
http://ekaw#Conference_Paper,http://confOf#Contribution,249
http://ekaw#Conference_Paper,http://confOf#Paper,162
http://ekaw#Conference_Paper,http://confOf#Topic,0
http://ekaw#Conference_Paper,http://confOf#Poster,87
http://ekaw#Conference_Paper,http://confOf#Scholar,0
http://ekaw#Conference_Paper,http://confOf#Event,0
http://ekaw#Conference_Paper,http://confOf#Reviewing_results_event,0
http://ekaw#Conference_Paper,http://confOf#Administrative_event,0
http://ekaw#Conference_Paper,http://confOf#Submission_event,0
http://ekaw#Conference_Paper,http://confOf#Reviewing_event,0
http://ekaw#Conference_Paper,http://confOf#Working_event,0
http://ekaw#Conference_Paper,http://confOf#Workshop,0
http://ekaw#Conference_Paper,http://confOf#Chair_PC,0
http://ekaw#Conference_Paper,http://confOf#Tutorial,0
http://ekaw#Conference_Paper,http://confOf#Administrator,0
http://ekaw#Conference_Paper,http://confOf#Camera_Ready_event,0
http://ekaw#Conference_Paper,http://confOf#Social_event,0
http://ekaw#Conference_Paper,http://confOf#Company,0
http://ekaw#Conference_Paper,http://confOf#Reception,0
http://ekaw#Conference_Paper,http://confOf#Conference,0
http://ekaw#Conference_Paper,http://confOf#Banquet,0
http://ekaw#Conference_Paper,http://confOf#Trip,0
http://ekaw#Conference_Paper,http://confOf#Registration_of_participants_event,0
http://ekaw#Regular_Paper,http://confOf#Organization,0
http://ekaw#Regular_Paper,http://confOf#Participant,0
http://ekaw#Regular_Paper,http://confOf#Person,0
http://ekaw#Regular_Paper,http://confOf#Author,0
http://ekaw#Regular_Paper,http://confOf#University,0
http://ekaw#Regular_Paper,http://confOf#Member_PC,0
http://ekaw#Regular_Paper,http://confOf#Contribution,162
http://ekaw#Regular_Paper,http://confOf#Paper,162
http://ekaw#Regular_Paper,http://confOf#Topic,0
http://ekaw#Regular_Paper,http://confOf#Poster,0
http://ekaw#Regular_Paper,http://confOf#Scholar,0
http://ekaw#Regular_Paper,http://confOf#Event,0
http://ekaw#Regular_Paper,http://confOf#Reviewing_results_event,0
http://ekaw#Regular_Paper,http://confOf#Administrative_event,0
http://ekaw#Regular_Paper,http://confOf#Submission_event,0
http://ekaw#Regular_Paper,http://confOf#Reviewing_event,0
http://ekaw#Regular_Paper,http://confOf#Working_event,0
http://ekaw#Regular_Paper,http://confOf#Workshop,0
http://ekaw#Regular_Paper,http://confOf#Chair_PC,0
http://ekaw#Regular_Paper,http://confOf#Tutorial,0
http://ekaw#Regular_Paper,http://confOf#Administrator,0
http://ekaw#Regular_Paper,http://confOf#Camera_Ready_event,0
http://ekaw#Regular_Paper,http://confOf#Social_event,0
http://ekaw#Regular_Paper,http://confOf#Company,0
http://ekaw#Regular_Paper,http://confOf#Reception,0
http://ekaw#Regular_Paper,http://confOf#Conference,0
http://ekaw#Regular_Paper,http://confOf#Banquet,0
http://ekaw#Regular_Paper,http://confOf#Trip,0
http://ekaw#Regular_Paper,http://confOf#Registration_of_participants_event,0
http://ekaw#Submitted_Paper,http://confOf#Organization,0
http://ekaw#Submitted_Paper,http://confOf#Participant,0
http://ekaw#Submitted_Paper,http://confOf#Person,0
http://ekaw#Submitted_Paper,http://confOf#Author,0
http://ekaw#Submitted_Paper,http://confOf#University,0
http://ekaw#Submitted_Paper,http://confOf#Member_PC,0
http://ekaw#Submitted_Paper,http://confOf#Contribution,249
http://ekaw#Submitted_Paper,http://confOf#Paper,162
http://ekaw#Submitted_Paper,http://confOf#Topic,0
http://ekaw#Submitted_Paper,http://confOf#Poster,87
http://ekaw#Submitted_Paper,http://confOf#Scholar,0
http://ekaw#Submitted_Paper,http://confOf#Event,0
http://ekaw#Submitted_Paper,http://confOf#Reviewing_results_event,0
http://ekaw#Submitted_Paper,http://confOf#Administrative_event,0
http://ekaw#Submitted_Paper,http://confOf#Submission_event,0
http://ekaw#Submitted_Paper,http://confOf#Reviewing_event,0
http://ekaw#Submitted_Paper,http://confOf#Working_event,0
http://ekaw#Submitted_Paper,http://confOf#Workshop,0
http://ekaw#Submitted_Paper,http://confOf#Chair_PC,0
http://ekaw#Submitted_Paper,http://confOf#Tutorial,0
http://ekaw#Submitted_Paper,http://confOf#Administrator,0
http://ekaw#Submitted_Paper,http://confOf#Camera_Ready_event,0
http://ekaw#Submitted_Paper,http://confOf#Social_event,0
http://ekaw#Submitted_Paper,http://confOf#Company,0
http://ekaw#Submitted_Paper,http://confOf#Reception,0
http://ekaw#Submitted_Paper,http://confOf#Conference,0
http://ekaw#Submitted_Paper,http://confOf#Banquet,0
http://ekaw#Submitted_Paper,http://confOf#Trip,0
http://ekaw#Submitted_Paper,http://confOf#Registration_of_participants_event,0
http://ekaw#Organisation,http://confOf#Organization,76
http://ekaw#Organisation,http://confOf#Participant,0
http://ekaw#Organisation,http://confOf#Person,0
http://ekaw#Organisation,http://confOf#Author,0
http://ekaw#Organisation,http://confOf#University,73
http://ekaw#Organisation,http://confOf#Member_PC,0
http://ekaw#Organisation,http://confOf#Contribution,0
http://ekaw#Organisation,http://confOf#Paper,0
http://ekaw#Organisation,http://confOf#Topic,0
http://ekaw#Organisation,http://confOf#Poster,0
http://ekaw#Organisation,http://confOf#Scholar,0
http://ekaw#Organisation,http://confOf#Event,0
http://ekaw#Organisation,http://confOf#Reviewing_results_event,0
http://ekaw#Organisation,http://confOf#Administrative_event,0
http://ekaw#Organisation,http://confOf#Submission_event,0
http://ekaw#Organisation,http://confOf#Reviewing_event,0
http://ekaw#Organisation,http://confOf#Working_event,0
http://ekaw#Organisation,http://confOf#Workshop,0
http://ekaw#Organisation,http://confOf#Chair_PC,0
http://ekaw#Organisation,http://confOf#Tutorial,0
http://ekaw#Organisation,http://confOf#Administrator,0
http://ekaw#Organisation,http://confOf#Camera_Ready_event,0
http://ekaw#Organisation,http://confOf#Social_event,0
http://ekaw#Organisation,http://confOf#Company,3
http://ekaw#Organisation,http://confOf#Reception,0
http://ekaw#Organisation,http://confOf#Conference,0
http://ekaw#Organisation,http://confOf#Banquet,0
http://ekaw#Organisation,http://confOf#Trip,0
http://ekaw#Organisation,http://confOf#Registration_of_participants_event,0
http://ekaw#OC_Member,http://confOf#Organization,0
http://ekaw#OC_Member,http://confOf#Participant,19
http://ekaw#OC_Member,http://confOf#Person,43
http://ekaw#OC_Member,http://confOf#Author,25
http://ekaw#OC_Member,http://confOf#University,0
http://ekaw#OC_Member,http://confOf#Member_PC,7
http://ekaw#OC_Member,http://confOf#Contribution,0
http://ekaw#OC_Member,http://confOf#Paper,0
http://ekaw#OC_Member,http://confOf#Topic,0
http://ekaw#OC_Member,http://confOf#Poster,0
http://ekaw#OC_Member,http://confOf#Scholar,0
http://ekaw#OC_Member,http://confOf#Event,0
http://ekaw#OC_Member,http://confOf#Reviewing_results_event,0
http://ekaw#OC_Member,http://confOf#Administrative_event,0
http://ekaw#OC_Member,http://confOf#Submission_event,0
http://ekaw#OC_Member,http://confOf#Reviewing_event,0
http://ekaw#OC_Member,http://confOf#Working_event,0
http://ekaw#OC_Member,http://confOf#Workshop,0
http://ekaw#OC_Member,http://confOf#Chair_PC,0
http://ekaw#OC_Member,http://confOf#Tutorial,0
http://ekaw#OC_Member,http://confOf#Administrator,1
http://ekaw#OC_Member,http://confOf#Camera_Ready_event,0
http://ekaw#OC_Member,http://confOf#Social_event,0
http://ekaw#OC_Member,http://confOf#Company,0
http://ekaw#OC_Member,http://confOf#Reception,0
http://ekaw#OC_Member,http://confOf#Conference,0
http://ekaw#OC_Member,http://confOf#Banquet,0
http://ekaw#OC_Member,http://confOf#Trip,0
http://ekaw#OC_Member,http://confOf#Registration_of_participants_event,0
http://ekaw#Event,http://confOf#Organization,0
http://ekaw#Event,http://confOf#Participant,0
http://ekaw#Event,http://confOf#Person,0
http://ekaw#Event,http://confOf#Author,0
http://ekaw#Event,http://confOf#University,0
http://ekaw#Event,http://confOf#Member_PC,0
http://ekaw#Event,http://confOf#Contribution,0
http://ekaw#Event,http://confOf#Paper,0
http://ekaw#Event,http://confOf#Topic,0
http://ekaw#Event,http://confOf#Poster,0
http://ekaw#Event,http://confOf#Scholar,0
http://ekaw#Event,http://confOf#Event,14
http://ekaw#Event,http://confOf#Reviewing_results_event,0
http://ekaw#Event,http://confOf#Administrative_event,0
http://ekaw#Event,http://confOf#Submission_event,0
http://ekaw#Event,http://confOf#Reviewing_event,0
http://ekaw#Event,http://confOf#Working_event,11
http://ekaw#Event,http://confOf#Workshop,6
http://ekaw#Event,http://confOf#Chair_PC,0
http://ekaw#Event,http://confOf#Tutorial,4
http://ekaw#Event,http://confOf#Administrator,0
http://ekaw#Event,http://confOf#Camera_Ready_event,0
http://ekaw#Event,http://confOf#Social_event,3
http://ekaw#Event,http://confOf#Company,0
http://ekaw#Event,http://confOf#Reception,1
http://ekaw#Event,http://confOf#Conference,1
http://ekaw#Event,http://confOf#Banquet,1
http://ekaw#Event,http://confOf#Trip,1
http://ekaw#Event,http://confOf#Registration_of_participants_event,0
http://ekaw#Presenter,http://confOf#Organization,0
http://ekaw#Presenter,http://confOf#Participant,90
http://ekaw#Presenter,http://confOf#Person,90
http://ekaw#Presenter,http://confOf#Author,89
http://ekaw#Presenter,http://confOf#University,0
http://ekaw#Presenter,http://confOf#Member_PC,45
http://ekaw#Presenter,http://confOf#Contribution,0
http://ekaw#Presenter,http://confOf#Paper,0
http://ekaw#Presenter,http://confOf#Topic,0
http://ekaw#Presenter,http://confOf#Poster,0
http://ekaw#Presenter,http://confOf#Scholar,15
http://ekaw#Presenter,http://confOf#Event,0
http://ekaw#Presenter,http://confOf#Reviewing_results_event,0
http://ekaw#Presenter,http://confOf#Administrative_event,0
http://ekaw#Presenter,http://confOf#Submission_event,0
http://ekaw#Presenter,http://confOf#Reviewing_event,0
http://ekaw#Presenter,http://confOf#Working_event,0
http://ekaw#Presenter,http://confOf#Workshop,0
http://ekaw#Presenter,http://confOf#Chair_PC,1
http://ekaw#Presenter,http://confOf#Tutorial,0
http://ekaw#Presenter,http://confOf#Administrator,0
http://ekaw#Presenter,http://confOf#Camera_Ready_event,0
http://ekaw#Presenter,http://confOf#Social_event,0
http://ekaw#Presenter,http://confOf#Company,0
http://ekaw#Presenter,http://confOf#Reception,0
http://ekaw#Presenter,http://confOf#Conference,0
http://ekaw#Presenter,http://confOf#Banquet,0
http://ekaw#Presenter,http://confOf#Trip,0
http://ekaw#Presenter,http://confOf#Registration_of_participants_event,0
http://ekaw#Demo_Paper,http://confOf#Organization,0
http://ekaw#Demo_Paper,http://confOf#Participant,0
http://ekaw#Demo_Paper,http://confOf#Person,0
http://ekaw#Demo_Paper,http://confOf#Author,0
http://ekaw#Demo_Paper,http://confOf#University,0
http://ekaw#Demo_Paper,http://confOf#Member_PC,0
http://ekaw#Demo_Paper,http://confOf#Contribution,46
http://ekaw#Demo_Paper,http://confOf#Paper,0
http://ekaw#Demo_Paper,http://confOf#Topic,0
http://ekaw#Demo_Paper,http://confOf#Poster,46
http://ekaw#Demo_Paper,http://confOf#Scholar,0
http://ekaw#Demo_Paper,http://confOf#Event,0
http://ekaw#Demo_Paper,http://confOf#Reviewing_results_event,0
http://ekaw#Demo_Paper,http://confOf#Administrative_event,0
http://ekaw#Demo_Paper,http://confOf#Submission_event,0
http://ekaw#Demo_Paper,http://confOf#Reviewing_event,0
http://ekaw#Demo_Paper,http://confOf#Working_event,0
http://ekaw#Demo_Paper,http://confOf#Workshop,0
http://ekaw#Demo_Paper,http://confOf#Chair_PC,0
http://ekaw#Demo_Paper,http://confOf#Tutorial,0
http://ekaw#Demo_Paper,http://confOf#Administrator,0
http://ekaw#Demo_Paper,http://confOf#Camera_Ready_event,0
http://ekaw#Demo_Paper,http://confOf#Social_event,0
http://ekaw#Demo_Paper,http://confOf#Company,0
http://ekaw#Demo_Paper,http://confOf#Reception,0
http://ekaw#Demo_Paper,http://confOf#Conference,0
http://ekaw#Demo_Paper,http://confOf#Banquet,0
http://ekaw#Demo_Paper,http://confOf#Trip,0
http://ekaw#Demo_Paper,http://confOf#Registration_of_participants_event,0
http://ekaw#Invited_Talk_Abstract,http://confOf#Organization,0
http://ekaw#Invited_Talk_Abstract,http://confOf#Participant,0
http://ekaw#Invited_Talk_Abstract,http://confOf#Person,0
http://ekaw#Invited_Talk_Abstract,http://confOf#Author,0
http://ekaw#Invited_Talk_Abstract,http://confOf#University,0
http://ekaw#Invited_Talk_Abstract,http://confOf#Member_PC,0
http://ekaw#Invited_Talk_Abstract,http://confOf#Contribution,0
http://ekaw#Invited_Talk_Abstract,http://confOf#Paper,0
http://ekaw#Invited_Talk_Abstract,http://confOf#Topic,0
http://ekaw#Invited_Talk_Abstract,http://confOf#Poster,0
http://ekaw#Invited_Talk_Abstract,http://confOf#Scholar,0
http://ekaw#Invited_Talk_Abstract,http://confOf#Event,0
http://ekaw#Invited_Talk_Abstract,http://confOf#Reviewing_results_event,0
http://ekaw#Invited_Talk_Abstract,http://confOf#Administrative_event,0
http://ekaw#Invited_Talk_Abstract,http://confOf#Submission_event,0
http://ekaw#Invited_Talk_Abstract,http://confOf#Reviewing_event,0
http://ekaw#Invited_Talk_Abstract,http://confOf#Working_event,0
http://ekaw#Invited_Talk_Abstract,http://confOf#Workshop,0
http://ekaw#Invited_Talk_Abstract,http://confOf#Chair_PC,0
http://ekaw#Invited_Talk_Abstract,http://confOf#Tutorial,0
http://ekaw#Invited_Talk_Abstract,http://confOf#Administrator,0
http://ekaw#Invited_Talk_Abstract,http://confOf#Camera_Ready_event,0
http://ekaw#Invited_Talk_Abstract,http://confOf#Social_event,0
http://ekaw#Invited_Talk_Abstract,http://confOf#Company,0
http://ekaw#Invited_Talk_Abstract,http://confOf#Reception,0
http://ekaw#Invited_Talk_Abstract,http://confOf#Conference,0
http://ekaw#Invited_Talk_Abstract,http://confOf#Banquet,0
http://ekaw#Invited_Talk_Abstract,http://confOf#Trip,0
http://ekaw#Invited_Talk_Abstract,http://confOf#Registration_of_participants_event,0
http://ekaw#Workshop_Chair,http://confOf#Organization,0
http://ekaw#Workshop_Chair,http://confOf#Participant,6
http://ekaw#Workshop_Chair,http://confOf#Person,6
http://ekaw#Workshop_Chair,http://confOf#Author,5
http://ekaw#Workshop_Chair,http://confOf#University,0
http://ekaw#Workshop_Chair,http://confOf#Member_PC,3
http://ekaw#Workshop_Chair,http://confOf#Contribution,0
http://ekaw#Workshop_Chair,http://confOf#Paper,0
http://ekaw#Workshop_Chair,http://confOf#Topic,0
http://ekaw#Workshop_Chair,http://confOf#Poster,0
http://ekaw#Workshop_Chair,http://confOf#Scholar,3
http://ekaw#Workshop_Chair,http://confOf#Event,0
http://ekaw#Workshop_Chair,http://confOf#Reviewing_results_event,0
http://ekaw#Workshop_Chair,http://confOf#Administrative_event,0
http://ekaw#Workshop_Chair,http://confOf#Submission_event,0
http://ekaw#Workshop_Chair,http://confOf#Reviewing_event,0
http://ekaw#Workshop_Chair,http://confOf#Working_event,0
http://ekaw#Workshop_Chair,http://confOf#Workshop,0
http://ekaw#Workshop_Chair,http://confOf#Chair_PC,0
http://ekaw#Workshop_Chair,http://confOf#Tutorial,0
http://ekaw#Workshop_Chair,http://confOf#Administrator,0
http://ekaw#Workshop_Chair,http://confOf#Camera_Ready_event,0
http://ekaw#Workshop_Chair,http://confOf#Social_event,0
http://ekaw#Workshop_Chair,http://confOf#Company,0
http://ekaw#Workshop_Chair,http://confOf#Reception,0
http://ekaw#Workshop_Chair,http://confOf#Conference,0
http://ekaw#Workshop_Chair,http://confOf#Banquet,0
http://ekaw#Workshop_Chair,http://confOf#Trip,0
http://ekaw#Workshop_Chair,http://confOf#Registration_of_participants_event,0
http://ekaw#Late-Registered_Participant,http://confOf#Organization,0
http://ekaw#Late-Registered_Participant,http://confOf#Participant,9
http://ekaw#Late-Registered_Participant,http://confOf#Person,9
http://ekaw#Late-Registered_Participant,http://confOf#Author,7
http://ekaw#Late-Registered_Participant,http://confOf#University,0
http://ekaw#Late-Registered_Participant,http://confOf#Member_PC,3
http://ekaw#Late-Registered_Participant,http://confOf#Contribution,0
http://ekaw#Late-Registered_Participant,http://confOf#Paper,0
http://ekaw#Late-Registered_Participant,http://confOf#Topic,0
http://ekaw#Late-Registered_Participant,http://confOf#Poster,0
http://ekaw#Late-Registered_Participant,http://confOf#Scholar,4
http://ekaw#Late-Registered_Participant,http://confOf#Event,0
http://ekaw#Late-Registered_Participant,http://confOf#Reviewing_results_event,0
http://ekaw#Late-Registered_Participant,http://confOf#Administrative_event,0
http://ekaw#Late-Registered_Participant,http://confOf#Submission_event,0
http://ekaw#Late-Registered_Participant,http://confOf#Reviewing_event,0
http://ekaw#Late-Registered_Participant,http://confOf#Working_event,0
http://ekaw#Late-Registered_Participant,http://confOf#Workshop,0
http://ekaw#Late-Registered_Participant,http://confOf#Chair_PC,0
http://ekaw#Late-Registered_Participant,http://confOf#Tutorial,0
http://ekaw#Late-Registered_Participant,http://confOf#Administrator,0
http://ekaw#Late-Registered_Participant,http://confOf#Camera_Ready_event,0
http://ekaw#Late-Registered_Participant,http://confOf#Social_event,0
http://ekaw#Late-Registered_Participant,http://confOf#Company,0
http://ekaw#Late-Registered_Participant,http://confOf#Reception,0
http://ekaw#Late-Registered_Participant,http://confOf#Conference,0
http://ekaw#Late-Registered_Participant,http://confOf#Banquet,0
http://ekaw#Late-Registered_Participant,http://confOf#Trip,0
http://ekaw#Late-Registered_Participant,http://confOf#Registration_of_participants_event,0
http://ekaw#Tutorial_Chair,http://confOf#Organization,0
http://ekaw#Tutorial_Chair,http://confOf#Participant,4
http://ekaw#Tutorial_Chair,http://confOf#Person,4
http://ekaw#Tutorial_Chair,http://confOf#Author,3
http://ekaw#Tutorial_Chair,http://confOf#University,0
http://ekaw#Tutorial_Chair,http://confOf#Member_PC,1
http://ekaw#Tutorial_Chair,http://confOf#Contribution,0
http://ekaw#Tutorial_Chair,http://confOf#Paper,0
http://ekaw#Tutorial_Chair,http://confOf#Topic,0
http://ekaw#Tutorial_Chair,http://confOf#Poster,0
http://ekaw#Tutorial_Chair,http://confOf#Scholar,1
http://ekaw#Tutorial_Chair,http://confOf#Event,0
http://ekaw#Tutorial_Chair,http://confOf#Reviewing_results_event,0
http://ekaw#Tutorial_Chair,http://confOf#Administrative_event,0
http://ekaw#Tutorial_Chair,http://confOf#Submission_event,0
http://ekaw#Tutorial_Chair,http://confOf#Reviewing_event,0
http://ekaw#Tutorial_Chair,http://confOf#Working_event,0
http://ekaw#Tutorial_Chair,http://confOf#Workshop,0
http://ekaw#Tutorial_Chair,http://confOf#Chair_PC,0
http://ekaw#Tutorial_Chair,http://confOf#Tutorial,0
http://ekaw#Tutorial_Chair,http://confOf#Administrator,0
http://ekaw#Tutorial_Chair,http://confOf#Camera_Ready_event,0
http://ekaw#Tutorial_Chair,http://confOf#Social_event,0
http://ekaw#Tutorial_Chair,http://confOf#Company,0
http://ekaw#Tutorial_Chair,http://confOf#Reception,0
http://ekaw#Tutorial_Chair,http://confOf#Conference,0
http://ekaw#Tutorial_Chair,http://confOf#Banquet,0
http://ekaw#Tutorial_Chair,http://confOf#Trip,0
http://ekaw#Tutorial_Chair,http://confOf#Registration_of_participants_event,0
http://ekaw#Invited_Speaker,http://confOf#Organization,0
http://ekaw#Invited_Speaker,http://confOf#Participant,4
http://ekaw#Invited_Speaker,http://confOf#Person,4
http://ekaw#Invited_Speaker,http://confOf#Author,3
http://ekaw#Invited_Speaker,http://confOf#University,0
http://ekaw#Invited_Speaker,http://confOf#Member_PC,3
http://ekaw#Invited_Speaker,http://confOf#Contribution,0
http://ekaw#Invited_Speaker,http://confOf#Paper,0
http://ekaw#Invited_Speaker,http://confOf#Topic,0
http://ekaw#Invited_Speaker,http://confOf#Poster,0
http://ekaw#Invited_Speaker,http://confOf#Scholar,1
http://ekaw#Invited_Speaker,http://confOf#Event,0
http://ekaw#Invited_Speaker,http://confOf#Reviewing_results_event,0
http://ekaw#Invited_Speaker,http://confOf#Administrative_event,0
http://ekaw#Invited_Speaker,http://confOf#Submission_event,0
http://ekaw#Invited_Speaker,http://confOf#Reviewing_event,0
http://ekaw#Invited_Speaker,http://confOf#Working_event,0
http://ekaw#Invited_Speaker,http://confOf#Workshop,0
http://ekaw#Invited_Speaker,http://confOf#Chair_PC,1
http://ekaw#Invited_Speaker,http://confOf#Tutorial,0
http://ekaw#Invited_Speaker,http://confOf#Administrator,0
http://ekaw#Invited_Speaker,http://confOf#Camera_Ready_event,0
http://ekaw#Invited_Speaker,http://confOf#Social_event,0
http://ekaw#Invited_Speaker,http://confOf#Company,0
http://ekaw#Invited_Speaker,http://confOf#Reception,0
http://ekaw#Invited_Speaker,http://confOf#Conference,0
http://ekaw#Invited_Speaker,http://confOf#Banquet,0
http://ekaw#Invited_Speaker,http://confOf#Trip,0
http://ekaw#Invited_Speaker,http://confOf#Registration_of_participants_event,0
http://ekaw#Tutorial_Abstract,http://confOf#Organization,0
http://ekaw#Tutorial_Abstract,http://confOf#Participant,0
http://ekaw#Tutorial_Abstract,http://confOf#Person,0
http://ekaw#Tutorial_Abstract,http://confOf#Author,0
http://ekaw#Tutorial_Abstract,http://confOf#University,0
http://ekaw#Tutorial_Abstract,http://confOf#Member_PC,0
http://ekaw#Tutorial_Abstract,http://confOf#Contribution,0
http://ekaw#Tutorial_Abstract,http://confOf#Paper,0
http://ekaw#Tutorial_Abstract,http://confOf#Topic,0
http://ekaw#Tutorial_Abstract,http://confOf#Poster,0
http://ekaw#Tutorial_Abstract,http://confOf#Scholar,0
http://ekaw#Tutorial_Abstract,http://confOf#Event,0
http://ekaw#Tutorial_Abstract,http://confOf#Reviewing_results_event,0
http://ekaw#Tutorial_Abstract,http://confOf#Administrative_event,0
http://ekaw#Tutorial_Abstract,http://confOf#Submission_event,0
http://ekaw#Tutorial_Abstract,http://confOf#Reviewing_event,0
http://ekaw#Tutorial_Abstract,http://confOf#Working_event,0
http://ekaw#Tutorial_Abstract,http://confOf#Workshop,0
http://ekaw#Tutorial_Abstract,http://confOf#Chair_PC,0
http://ekaw#Tutorial_Abstract,http://confOf#Tutorial,0
http://ekaw#Tutorial_Abstract,http://confOf#Administrator,0
http://ekaw#Tutorial_Abstract,http://confOf#Camera_Ready_event,0
http://ekaw#Tutorial_Abstract,http://confOf#Social_event,0
http://ekaw#Tutorial_Abstract,http://confOf#Company,0
http://ekaw#Tutorial_Abstract,http://confOf#Reception,0
http://ekaw#Tutorial_Abstract,http://confOf#Conference,0
http://ekaw#Tutorial_Abstract,http://confOf#Banquet,0
http://ekaw#Tutorial_Abstract,http://confOf#Trip,0
http://ekaw#Tutorial_Abstract,http://confOf#Registration_of_participants_event,0
http://ekaw#SC_Member,http://confOf#Organization,0
http://ekaw#SC_Member,http://confOf#Participant,17
http://ekaw#SC_Member,http://confOf#Person,30
http://ekaw#SC_Member,http://confOf#Author,19
http://ekaw#SC_Member,http://confOf#University,0
http://ekaw#SC_Member,http://confOf#Member_PC,6
http://ekaw#SC_Member,http://confOf#Contribution,0
http://ekaw#SC_Member,http://confOf#Paper,0
http://ekaw#SC_Member,http://confOf#Topic,0
http://ekaw#SC_Member,http://confOf#Poster,0
http://ekaw#SC_Member,http://confOf#Scholar,0
http://ekaw#SC_Member,http://confOf#Event,0
http://ekaw#SC_Member,http://confOf#Reviewing_results_event,0
http://ekaw#SC_Member,http://confOf#Administrative_event,0
http://ekaw#SC_Member,http://confOf#Submission_event,0
http://ekaw#SC_Member,http://confOf#Reviewing_event,0
http://ekaw#SC_Member,http://confOf#Working_event,0
http://ekaw#SC_Member,http://confOf#Workshop,0
http://ekaw#SC_Member,http://confOf#Chair_PC,0
http://ekaw#SC_Member,http://confOf#Tutorial,0
http://ekaw#SC_Member,http://confOf#Administrator,0
http://ekaw#SC_Member,http://confOf#Camera_Ready_event,0
http://ekaw#SC_Member,http://confOf#Social_event,0
http://ekaw#SC_Member,http://confOf#Company,0
http://ekaw#SC_Member,http://confOf#Reception,0
http://ekaw#SC_Member,http://confOf#Conference,0
http://ekaw#SC_Member,http://confOf#Banquet,0
http://ekaw#SC_Member,http://confOf#Trip,0
http://ekaw#SC_Member,http://confOf#Registration_of_participants_event,0
http://ekaw#Workshop,http://confOf#Organization,0
http://ekaw#Workshop,http://confOf#Participant,0
http://ekaw#Workshop,http://confOf#Person,0
http://ekaw#Workshop,http://confOf#Author,0
http://ekaw#Workshop,http://confOf#University,0
http://ekaw#Workshop,http://confOf#Member_PC,0
http://ekaw#Workshop,http://confOf#Contribution,0
http://ekaw#Workshop,http://confOf#Paper,0
http://ekaw#Workshop,http://confOf#Topic,0
http://ekaw#Workshop,http://confOf#Poster,0
http://ekaw#Workshop,http://confOf#Scholar,0
http://ekaw#Workshop,http://confOf#Event,6
http://ekaw#Workshop,http://confOf#Reviewing_results_event,0
http://ekaw#Workshop,http://confOf#Administrative_event,0
http://ekaw#Workshop,http://confOf#Submission_event,0
http://ekaw#Workshop,http://confOf#Reviewing_event,0
http://ekaw#Workshop,http://confOf#Working_event,6
http://ekaw#Workshop,http://confOf#Workshop,6
http://ekaw#Workshop,http://confOf#Chair_PC,0
http://ekaw#Workshop,http://confOf#Tutorial,0
http://ekaw#Workshop,http://confOf#Administrator,0
http://ekaw#Workshop,http://confOf#Camera_Ready_event,0
http://ekaw#Workshop,http://confOf#Social_event,0
http://ekaw#Workshop,http://confOf#Company,0
http://ekaw#Workshop,http://confOf#Reception,0
http://ekaw#Workshop,http://confOf#Conference,0
http://ekaw#Workshop,http://confOf#Banquet,0
http://ekaw#Workshop,http://confOf#Trip,0
http://ekaw#Workshop,http://confOf#Registration_of_participants_event,0
http://ekaw#Tutorial,http://confOf#Organization,0
http://ekaw#Tutorial,http://confOf#Participant,0
http://ekaw#Tutorial,http://confOf#Person,0
http://ekaw#Tutorial,http://confOf#Author,0
http://ekaw#Tutorial,http://confOf#University,0
http://ekaw#Tutorial,http://confOf#Member_PC,0
http://ekaw#Tutorial,http://confOf#Contribution,0
http://ekaw#Tutorial,http://confOf#Paper,0
http://ekaw#Tutorial,http://confOf#Topic,0
http://ekaw#Tutorial,http://confOf#Poster,0
http://ekaw#Tutorial,http://confOf#Scholar,0
http://ekaw#Tutorial,http://confOf#Event,4
http://ekaw#Tutorial,http://confOf#Reviewing_results_event,0
http://ekaw#Tutorial,http://confOf#Administrative_event,0
http://ekaw#Tutorial,http://confOf#Submission_event,0
http://ekaw#Tutorial,http://confOf#Reviewing_event,0
http://ekaw#Tutorial,http://confOf#Working_event,4
http://ekaw#Tutorial,http://confOf#Workshop,0
http://ekaw#Tutorial,http://confOf#Chair_PC,0
http://ekaw#Tutorial,http://confOf#Tutorial,4
http://ekaw#Tutorial,http://confOf#Administrator,0
http://ekaw#Tutorial,http://confOf#Camera_Ready_event,0
http://ekaw#Tutorial,http://confOf#Social_event,0
http://ekaw#Tutorial,http://confOf#Company,0
http://ekaw#Tutorial,http://confOf#Reception,0
http://ekaw#Tutorial,http://confOf#Conference,0
http://ekaw#Tutorial,http://confOf#Banquet,0
http://ekaw#Tutorial,http://confOf#Trip,0
http://ekaw#Tutorial,http://confOf#Registration_of_participants_event,0
http://ekaw#Abstract,http://confOf#Organization,0
http://ekaw#Abstract,http://confOf#Participant,0
http://ekaw#Abstract,http://confOf#Person,0
http://ekaw#Abstract,http://confOf#Author,0
http://ekaw#Abstract,http://confOf#University,0
http://ekaw#Abstract,http://confOf#Member_PC,0
http://ekaw#Abstract,http://confOf#Contribution,0
http://ekaw#Abstract,http://confOf#Paper,0
http://ekaw#Abstract,http://confOf#Topic,0
http://ekaw#Abstract,http://confOf#Poster,0
http://ekaw#Abstract,http://confOf#Scholar,0
http://ekaw#Abstract,http://confOf#Event,0
http://ekaw#Abstract,http://confOf#Reviewing_results_event,0
http://ekaw#Abstract,http://confOf#Administrative_event,0
http://ekaw#Abstract,http://confOf#Submission_event,0
http://ekaw#Abstract,http://confOf#Reviewing_event,0
http://ekaw#Abstract,http://confOf#Working_event,0
http://ekaw#Abstract,http://confOf#Workshop,0
http://ekaw#Abstract,http://confOf#Chair_PC,0
http://ekaw#Abstract,http://confOf#Tutorial,0
http://ekaw#Abstract,http://confOf#Administrator,0
http://ekaw#Abstract,http://confOf#Camera_Ready_event,0
http://ekaw#Abstract,http://confOf#Social_event,0
http://ekaw#Abstract,http://confOf#Company,0
http://ekaw#Abstract,http://confOf#Reception,0
http://ekaw#Abstract,http://confOf#Conference,0
http://ekaw#Abstract,http://confOf#Banquet,0
http://ekaw#Abstract,http://confOf#Trip,0
http://ekaw#Abstract,http://confOf#Registration_of_participants_event,0
http://ekaw#PC_Chair,http://confOf#Organization,0
http://ekaw#PC_Chair,http://confOf#Participant,1
http://ekaw#PC_Chair,http://confOf#Person,1
http://ekaw#PC_Chair,http://confOf#Author,1
http://ekaw#PC_Chair,http://confOf#University,0
http://ekaw#PC_Chair,http://confOf#Member_PC,1
http://ekaw#PC_Chair,http://confOf#Contribution,0
http://ekaw#PC_Chair,http://confOf#Paper,0
http://ekaw#PC_Chair,http://confOf#Topic,0
http://ekaw#PC_Chair,http://confOf#Poster,0
http://ekaw#PC_Chair,http://confOf#Scholar,0
http://ekaw#PC_Chair,http://confOf#Event,0
http://ekaw#PC_Chair,http://confOf#Reviewing_results_event,0
http://ekaw#PC_Chair,http://confOf#Administrative_event,0
http://ekaw#PC_Chair,http://confOf#Submission_event,0
http://ekaw#PC_Chair,http://confOf#Reviewing_event,0
http://ekaw#PC_Chair,http://confOf#Working_event,0
http://ekaw#PC_Chair,http://confOf#Workshop,0
http://ekaw#PC_Chair,http://confOf#Chair_PC,1
http://ekaw#PC_Chair,http://confOf#Tutorial,0
http://ekaw#PC_Chair,http://confOf#Administrator,0
http://ekaw#PC_Chair,http://confOf#Camera_Ready_event,0
http://ekaw#PC_Chair,http://confOf#Social_event,0
http://ekaw#PC_Chair,http://confOf#Company,0
http://ekaw#PC_Chair,http://confOf#Reception,0
http://ekaw#PC_Chair,http://confOf#Conference,0
http://ekaw#PC_Chair,http://confOf#Banquet,0
http://ekaw#PC_Chair,http://confOf#Trip,0
http://ekaw#PC_Chair,http://confOf#Registration_of_participants_event,0
http://ekaw#Proceedings_Publisher,http://confOf#Organization,0
http://ekaw#Proceedings_Publisher,http://confOf#Participant,0
http://ekaw#Proceedings_Publisher,http://confOf#Person,0
http://ekaw#Proceedings_Publisher,http://confOf#Author,0
http://ekaw#Proceedings_Publisher,http://confOf#University,0
http://ekaw#Proceedings_Publisher,http://confOf#Member_PC,0
http://ekaw#Proceedings_Publisher,http://confOf#Contribution,0
http://ekaw#Proceedings_Publisher,http://confOf#Paper,0
http://ekaw#Proceedings_Publisher,http://confOf#Topic,0
http://ekaw#Proceedings_Publisher,http://confOf#Poster,0
http://ekaw#Proceedings_Publisher,http://confOf#Scholar,0
http://ekaw#Proceedings_Publisher,http://confOf#Event,0
http://ekaw#Proceedings_Publisher,http://confOf#Reviewing_results_event,0
http://ekaw#Proceedings_Publisher,http://confOf#Administrative_event,0
http://ekaw#Proceedings_Publisher,http://confOf#Submission_event,0
http://ekaw#Proceedings_Publisher,http://confOf#Reviewing_event,0
http://ekaw#Proceedings_Publisher,http://confOf#Working_event,0
http://ekaw#Proceedings_Publisher,http://confOf#Workshop,0
http://ekaw#Proceedings_Publisher,http://confOf#Chair_PC,0
http://ekaw#Proceedings_Publisher,http://confOf#Tutorial,0
http://ekaw#Proceedings_Publisher,http://confOf#Administrator,0
http://ekaw#Proceedings_Publisher,http://confOf#Camera_Ready_event,0
http://ekaw#Proceedings_Publisher,http://confOf#Social_event,0
http://ekaw#Proceedings_Publisher,http://confOf#Company,0
http://ekaw#Proceedings_Publisher,http://confOf#Reception,0
http://ekaw#Proceedings_Publisher,http://confOf#Conference,0
http://ekaw#Proceedings_Publisher,http://confOf#Banquet,0
http://ekaw#Proceedings_Publisher,http://confOf#Trip,0
http://ekaw#Proceedings_Publisher,http://confOf#Registration_of_participants_event,0
http://ekaw#Social_Event,http://confOf#Organization,0
http://ekaw#Social_Event,http://confOf#Participant,0
http://ekaw#Social_Event,http://confOf#Person,0
http://ekaw#Social_Event,http://confOf#Author,0
http://ekaw#Social_Event,http://confOf#University,0
http://ekaw#Social_Event,http://confOf#Member_PC,0
http://ekaw#Social_Event,http://confOf#Contribution,0
http://ekaw#Social_Event,http://confOf#Paper,0
http://ekaw#Social_Event,http://confOf#Topic,0
http://ekaw#Social_Event,http://confOf#Poster,0
http://ekaw#Social_Event,http://confOf#Scholar,0
http://ekaw#Social_Event,http://confOf#Event,3
http://ekaw#Social_Event,http://confOf#Reviewing_results_event,0
http://ekaw#Social_Event,http://confOf#Administrative_event,0
http://ekaw#Social_Event,http://confOf#Submission_event,0
http://ekaw#Social_Event,http://confOf#Reviewing_event,0
http://ekaw#Social_Event,http://confOf#Working_event,0
http://ekaw#Social_Event,http://confOf#Workshop,0
http://ekaw#Social_Event,http://confOf#Chair_PC,0
http://ekaw#Social_Event,http://confOf#Tutorial,0
http://ekaw#Social_Event,http://confOf#Administrator,0
http://ekaw#Social_Event,http://confOf#Camera_Ready_event,0
http://ekaw#Social_Event,http://confOf#Social_event,3
http://ekaw#Social_Event,http://confOf#Company,0
http://ekaw#Social_Event,http://confOf#Reception,1
http://ekaw#Social_Event,http://confOf#Conference,0
http://ekaw#Social_Event,http://confOf#Banquet,1
http://ekaw#Social_Event,http://confOf#Trip,1
http://ekaw#Social_Event,http://confOf#Registration_of_participants_event,0
http://ekaw#Conference_Trip,http://confOf#Organization,0
http://ekaw#Conference_Trip,http://confOf#Participant,0
http://ekaw#Conference_Trip,http://confOf#Person,0
http://ekaw#Conference_Trip,http://confOf#Author,0
http://ekaw#Conference_Trip,http://confOf#University,0
http://ekaw#Conference_Trip,http://confOf#Member_PC,0
http://ekaw#Conference_Trip,http://confOf#Contribution,0
http://ekaw#Conference_Trip,http://confOf#Paper,0
http://ekaw#Conference_Trip,http://confOf#Topic,0
http://ekaw#Conference_Trip,http://confOf#Poster,0
http://ekaw#Conference_Trip,http://confOf#Scholar,0
http://ekaw#Conference_Trip,http://confOf#Event,1
http://ekaw#Conference_Trip,http://confOf#Reviewing_results_event,0
http://ekaw#Conference_Trip,http://confOf#Administrative_event,0
http://ekaw#Conference_Trip,http://confOf#Submission_event,0
http://ekaw#Conference_Trip,http://confOf#Reviewing_event,0
http://ekaw#Conference_Trip,http://confOf#Working_event,0
http://ekaw#Conference_Trip,http://confOf#Workshop,0
http://ekaw#Conference_Trip,http://confOf#Chair_PC,0
http://ekaw#Conference_Trip,http://confOf#Tutorial,0
http://ekaw#Conference_Trip,http://confOf#Administrator,0
http://ekaw#Conference_Trip,http://confOf#Camera_Ready_event,0
http://ekaw#Conference_Trip,http://confOf#Social_event,1
http://ekaw#Conference_Trip,http://confOf#Company,0
http://ekaw#Conference_Trip,http://confOf#Reception,0
http://ekaw#Conference_Trip,http://confOf#Conference,0
http://ekaw#Conference_Trip,http://confOf#Banquet,0
http://ekaw#Conference_Trip,http://confOf#Trip,1
http://ekaw#Conference_Trip,http://confOf#Registration_of_participants_event,0
http://ekaw#Invited_Talk,http://confOf#Organization,0
http://ekaw#Invited_Talk,http://confOf#Participant,0
http://ekaw#Invited_Talk,http://confOf#Person,0
http://ekaw#Invited_Talk,http://confOf#Author,0
http://ekaw#Invited_Talk,http://confOf#University,0
http://ekaw#Invited_Talk,http://confOf#Member_PC,0
http://ekaw#Invited_Talk,http://confOf#Contribution,0
http://ekaw#Invited_Talk,http://confOf#Paper,0
http://ekaw#Invited_Talk,http://confOf#Topic,0
http://ekaw#Invited_Talk,http://confOf#Poster,0
http://ekaw#Invited_Talk,http://confOf#Scholar,0
http://ekaw#Invited_Talk,http://confOf#Event,0
http://ekaw#Invited_Talk,http://confOf#Reviewing_results_event,0
http://ekaw#Invited_Talk,http://confOf#Administrative_event,0
http://ekaw#Invited_Talk,http://confOf#Submission_event,0
http://ekaw#Invited_Talk,http://confOf#Reviewing_event,0
http://ekaw#Invited_Talk,http://confOf#Working_event,0
http://ekaw#Invited_Talk,http://confOf#Workshop,0
http://ekaw#Invited_Talk,http://confOf#Chair_PC,0
http://ekaw#Invited_Talk,http://confOf#Tutorial,0
http://ekaw#Invited_Talk,http://confOf#Administrator,0
http://ekaw#Invited_Talk,http://confOf#Camera_Ready_event,0
http://ekaw#Invited_Talk,http://confOf#Social_event,0
http://ekaw#Invited_Talk,http://confOf#Company,0
http://ekaw#Invited_Talk,http://confOf#Reception,0
http://ekaw#Invited_Talk,http://confOf#Conference,0
http://ekaw#Invited_Talk,http://confOf#Banquet,0
http://ekaw#Invited_Talk,http://confOf#Trip,0
http://ekaw#Invited_Talk,http://confOf#Registration_of_participants_event,0
http://ekaw#Location,http://confOf#Organization,0
http://ekaw#Location,http://confOf#Participant,0
http://ekaw#Location,http://confOf#Person,0
http://ekaw#Location,http://confOf#Author,0
http://ekaw#Location,http://confOf#University,0
http://ekaw#Location,http://confOf#Member_PC,0
http://ekaw#Location,http://confOf#Contribution,0
http://ekaw#Location,http://confOf#Paper,0
http://ekaw#Location,http://confOf#Topic,0
http://ekaw#Location,http://confOf#Poster,0
http://ekaw#Location,http://confOf#Scholar,0
http://ekaw#Location,http://confOf#Event,0
http://ekaw#Location,http://confOf#Reviewing_results_event,0
http://ekaw#Location,http://confOf#Administrative_event,0
http://ekaw#Location,http://confOf#Submission_event,0
http://ekaw#Location,http://confOf#Reviewing_event,0
http://ekaw#Location,http://confOf#Working_event,0
http://ekaw#Location,http://confOf#Workshop,0
http://ekaw#Location,http://confOf#Chair_PC,0
http://ekaw#Location,http://confOf#Tutorial,0
http://ekaw#Location,http://confOf#Administrator,0
http://ekaw#Location,http://confOf#Camera_Ready_event,0
http://ekaw#Location,http://confOf#Social_event,0
http://ekaw#Location,http://confOf#Company,0
http://ekaw#Location,http://confOf#Reception,0
http://ekaw#Location,http://confOf#Conference,0
http://ekaw#Location,http://confOf#Banquet,0
http://ekaw#Location,http://confOf#Trip,0
http://ekaw#Location,http://confOf#Registration_of_participants_event,0
http://ekaw#OC_Chair,http://confOf#Organization,0
http://ekaw#OC_Chair,http://confOf#Participant,1
http://ekaw#OC_Chair,http://confOf#Person,1
http://ekaw#OC_Chair,http://confOf#Author,1
http://ekaw#OC_Chair,http://confOf#University,0
http://ekaw#OC_Chair,http://confOf#Member_PC,1
http://ekaw#OC_Chair,http://confOf#Contribution,0
http://ekaw#OC_Chair,http://confOf#Paper,0
http://ekaw#OC_Chair,http://confOf#Topic,0
http://ekaw#OC_Chair,http://confOf#Poster,0
http://ekaw#OC_Chair,http://confOf#Scholar,0
http://ekaw#OC_Chair,http://confOf#Event,0
http://ekaw#OC_Chair,http://confOf#Reviewing_results_event,0
http://ekaw#OC_Chair,http://confOf#Administrative_event,0
http://ekaw#OC_Chair,http://confOf#Submission_event,0
http://ekaw#OC_Chair,http://confOf#Reviewing_event,0
http://ekaw#OC_Chair,http://confOf#Working_event,0
http://ekaw#OC_Chair,http://confOf#Workshop,0
http://ekaw#OC_Chair,http://confOf#Chair_PC,0
http://ekaw#OC_Chair,http://confOf#Tutorial,0
http://ekaw#OC_Chair,http://confOf#Administrator,0
http://ekaw#OC_Chair,http://confOf#Camera_Ready_event,0
http://ekaw#OC_Chair,http://confOf#Social_event,0
http://ekaw#OC_Chair,http://confOf#Company,0
http://ekaw#OC_Chair,http://confOf#Reception,0
http://ekaw#OC_Chair,http://confOf#Conference,0
http://ekaw#OC_Chair,http://confOf#Banquet,0
http://ekaw#OC_Chair,http://confOf#Trip,0
http://ekaw#OC_Chair,http://confOf#Registration_of_participants_event,0
http://ekaw#Track,http://confOf#Organization,0
http://ekaw#Track,http://confOf#Participant,0
http://ekaw#Track,http://confOf#Person,0
http://ekaw#Track,http://confOf#Author,0
http://ekaw#Track,http://confOf#University,0
http://ekaw#Track,http://confOf#Member_PC,0
http://ekaw#Track,http://confOf#Contribution,0
http://ekaw#Track,http://confOf#Paper,0
http://ekaw#Track,http://confOf#Topic,0
http://ekaw#Track,http://confOf#Poster,0
http://ekaw#Track,http://confOf#Scholar,0
http://ekaw#Track,http://confOf#Event,0
http://ekaw#Track,http://confOf#Reviewing_results_event,0
http://ekaw#Track,http://confOf#Administrative_event,0
http://ekaw#Track,http://confOf#Submission_event,0
http://ekaw#Track,http://confOf#Reviewing_event,0
http://ekaw#Track,http://confOf#Working_event,0
http://ekaw#Track,http://confOf#Workshop,0
http://ekaw#Track,http://confOf#Chair_PC,0
http://ekaw#Track,http://confOf#Tutorial,0
http://ekaw#Track,http://confOf#Administrator,0
http://ekaw#Track,http://confOf#Camera_Ready_event,0
http://ekaw#Track,http://confOf#Social_event,0
http://ekaw#Track,http://confOf#Company,0
http://ekaw#Track,http://confOf#Reception,0
http://ekaw#Track,http://confOf#Conference,0
http://ekaw#Track,http://confOf#Banquet,0
http://ekaw#Track,http://confOf#Trip,0
http://ekaw#Track,http://confOf#Registration_of_participants_event,0
http://ekaw#Proceedings,http://confOf#Organization,0
http://ekaw#Proceedings,http://confOf#Participant,0
http://ekaw#Proceedings,http://confOf#Person,0
http://ekaw#Proceedings,http://confOf#Author,0
http://ekaw#Proceedings,http://confOf#University,0
http://ekaw#Proceedings,http://confOf#Member_PC,0
http://ekaw#Proceedings,http://confOf#Contribution,0
http://ekaw#Proceedings,http://confOf#Paper,0
http://ekaw#Proceedings,http://confOf#Topic,0
http://ekaw#Proceedings,http://confOf#Poster,0
http://ekaw#Proceedings,http://confOf#Scholar,0
http://ekaw#Proceedings,http://confOf#Event,0
http://ekaw#Proceedings,http://confOf#Reviewing_results_event,0
http://ekaw#Proceedings,http://confOf#Administrative_event,0
http://ekaw#Proceedings,http://confOf#Submission_event,0
http://ekaw#Proceedings,http://confOf#Reviewing_event,0
http://ekaw#Proceedings,http://confOf#Working_event,0
http://ekaw#Proceedings,http://confOf#Workshop,0
http://ekaw#Proceedings,http://confOf#Chair_PC,0
http://ekaw#Proceedings,http://confOf#Tutorial,0
http://ekaw#Proceedings,http://confOf#Administrator,0
http://ekaw#Proceedings,http://confOf#Camera_Ready_event,0
http://ekaw#Proceedings,http://confOf#Social_event,0
http://ekaw#Proceedings,http://confOf#Company,0
http://ekaw#Proceedings,http://confOf#Reception,0
http://ekaw#Proceedings,http://confOf#Conference,0
http://ekaw#Proceedings,http://confOf#Banquet,0
http://ekaw#Proceedings,http://confOf#Trip,0
http://ekaw#Proceedings,http://confOf#Registration_of_participants_event,0
http://ekaw#Web_Site,http://confOf#Organization,0
http://ekaw#Web_Site,http://confOf#Participant,0
http://ekaw#Web_Site,http://confOf#Person,0
http://ekaw#Web_Site,http://confOf#Author,0
http://ekaw#Web_Site,http://confOf#University,0
http://ekaw#Web_Site,http://confOf#Member_PC,0
http://ekaw#Web_Site,http://confOf#Contribution,0
http://ekaw#Web_Site,http://confOf#Paper,0
http://ekaw#Web_Site,http://confOf#Topic,0
http://ekaw#Web_Site,http://confOf#Poster,0
http://ekaw#Web_Site,http://confOf#Scholar,0
http://ekaw#Web_Site,http://confOf#Event,0
http://ekaw#Web_Site,http://confOf#Reviewing_results_event,0
http://ekaw#Web_Site,http://confOf#Administrative_event,0
http://ekaw#Web_Site,http://confOf#Submission_event,0
http://ekaw#Web_Site,http://confOf#Reviewing_event,0
http://ekaw#Web_Site,http://confOf#Working_event,0
http://ekaw#Web_Site,http://confOf#Workshop,0
http://ekaw#Web_Site,http://confOf#Chair_PC,0
http://ekaw#Web_Site,http://confOf#Tutorial,0
http://ekaw#Web_Site,http://confOf#Administrator,0
http://ekaw#Web_Site,http://confOf#Camera_Ready_event,0
http://ekaw#Web_Site,http://confOf#Social_event,0
http://ekaw#Web_Site,http://confOf#Company,0
http://ekaw#Web_Site,http://confOf#Reception,0
http://ekaw#Web_Site,http://confOf#Conference,0
http://ekaw#Web_Site,http://confOf#Banquet,0
http://ekaw#Web_Site,http://confOf#Trip,0
http://ekaw#Web_Site,http://confOf#Registration_of_participants_event,0
http://ekaw#Multi-author_Volume,http://confOf#Organization,0
http://ekaw#Multi-author_Volume,http://confOf#Participant,0
http://ekaw#Multi-author_Volume,http://confOf#Person,0
http://ekaw#Multi-author_Volume,http://confOf#Author,0
http://ekaw#Multi-author_Volume,http://confOf#University,0
http://ekaw#Multi-author_Volume,http://confOf#Member_PC,0
http://ekaw#Multi-author_Volume,http://confOf#Contribution,0
http://ekaw#Multi-author_Volume,http://confOf#Paper,0
http://ekaw#Multi-author_Volume,http://confOf#Topic,0
http://ekaw#Multi-author_Volume,http://confOf#Poster,0
http://ekaw#Multi-author_Volume,http://confOf#Scholar,0
http://ekaw#Multi-author_Volume,http://confOf#Event,0
http://ekaw#Multi-author_Volume,http://confOf#Reviewing_results_event,0
http://ekaw#Multi-author_Volume,http://confOf#Administrative_event,0
http://ekaw#Multi-author_Volume,http://confOf#Submission_event,0
http://ekaw#Multi-author_Volume,http://confOf#Reviewing_event,0
http://ekaw#Multi-author_Volume,http://confOf#Working_event,0
http://ekaw#Multi-author_Volume,http://confOf#Workshop,0
http://ekaw#Multi-author_Volume,http://confOf#Chair_PC,0
http://ekaw#Multi-author_Volume,http://confOf#Tutorial,0
http://ekaw#Multi-author_Volume,http://confOf#Administrator,0
http://ekaw#Multi-author_Volume,http://confOf#Camera_Ready_event,0
http://ekaw#Multi-author_Volume,http://confOf#Social_event,0
http://ekaw#Multi-author_Volume,http://confOf#Company,0
http://ekaw#Multi-author_Volume,http://confOf#Reception,0
http://ekaw#Multi-author_Volume,http://confOf#Conference,0
http://ekaw#Multi-author_Volume,http://confOf#Banquet,0
http://ekaw#Multi-author_Volume,http://confOf#Trip,0
http://ekaw#Multi-author_Volume,http://confOf#Registration_of_participants_event,0
http://ekaw#Conference_Proceedings,http://confOf#Organization,0
http://ekaw#Conference_Proceedings,http://confOf#Participant,0
http://ekaw#Conference_Proceedings,http://confOf#Person,0
http://ekaw#Conference_Proceedings,http://confOf#Author,0
http://ekaw#Conference_Proceedings,http://confOf#University,0
http://ekaw#Conference_Proceedings,http://confOf#Member_PC,0
http://ekaw#Conference_Proceedings,http://confOf#Contribution,0
http://ekaw#Conference_Proceedings,http://confOf#Paper,0
http://ekaw#Conference_Proceedings,http://confOf#Topic,0
http://ekaw#Conference_Proceedings,http://confOf#Poster,0
http://ekaw#Conference_Proceedings,http://confOf#Scholar,0
http://ekaw#Conference_Proceedings,http://confOf#Event,0
http://ekaw#Conference_Proceedings,http://confOf#Reviewing_results_event,0
http://ekaw#Conference_Proceedings,http://confOf#Administrative_event,0
http://ekaw#Conference_Proceedings,http://confOf#Submission_event,0
http://ekaw#Conference_Proceedings,http://confOf#Reviewing_event,0
http://ekaw#Conference_Proceedings,http://confOf#Working_event,0
http://ekaw#Conference_Proceedings,http://confOf#Workshop,0
http://ekaw#Conference_Proceedings,http://confOf#Chair_PC,0
http://ekaw#Conference_Proceedings,http://confOf#Tutorial,0
http://ekaw#Conference_Proceedings,http://confOf#Administrator,0
http://ekaw#Conference_Proceedings,http://confOf#Camera_Ready_event,0
http://ekaw#Conference_Proceedings,http://confOf#Social_event,0
http://ekaw#Conference_Proceedings,http://confOf#Company,0
http://ekaw#Conference_Proceedings,http://confOf#Reception,0
http://ekaw#Conference_Proceedings,http://confOf#Conference,0
http://ekaw#Conference_Proceedings,http://confOf#Banquet,0
http://ekaw#Conference_Proceedings,http://confOf#Trip,0
http://ekaw#Conference_Proceedings,http://confOf#Registration_of_participants_event,0
http://ekaw#Conference,http://confOf#Organization,0
http://ekaw#Conference,http://confOf#Participant,0
http://ekaw#Conference,http://confOf#Person,0
http://ekaw#Conference,http://confOf#Author,0
http://ekaw#Conference,http://confOf#University,0
http://ekaw#Conference,http://confOf#Member_PC,0
http://ekaw#Conference,http://confOf#Contribution,0
http://ekaw#Conference,http://confOf#Paper,0
http://ekaw#Conference,http://confOf#Topic,0
http://ekaw#Conference,http://confOf#Poster,0
http://ekaw#Conference,http://confOf#Scholar,0
http://ekaw#Conference,http://confOf#Event,1
http://ekaw#Conference,http://confOf#Reviewing_results_event,0
http://ekaw#Conference,http://confOf#Administrative_event,0
http://ekaw#Conference,http://confOf#Submission_event,0
http://ekaw#Conference,http://confOf#Reviewing_event,0
http://ekaw#Conference,http://confOf#Working_event,1
http://ekaw#Conference,http://confOf#Workshop,0
http://ekaw#Conference,http://confOf#Chair_PC,0
http://ekaw#Conference,http://confOf#Tutorial,0
http://ekaw#Conference,http://confOf#Administrator,0
http://ekaw#Conference,http://confOf#Camera_Ready_event,0
http://ekaw#Conference,http://confOf#Social_event,0
http://ekaw#Conference,http://confOf#Company,0
http://ekaw#Conference,http://confOf#Reception,0
http://ekaw#Conference,http://confOf#Conference,1
http://ekaw#Conference,http://confOf#Banquet,0
http://ekaw#Conference,http://confOf#Trip,0
http://ekaw#Conference,http://confOf#Registration_of_participants_event,0
http://ekaw#Conference_Banquet,http://confOf#Organization,0
http://ekaw#Conference_Banquet,http://confOf#Participant,0
http://ekaw#Conference_Banquet,http://confOf#Person,0
http://ekaw#Conference_Banquet,http://confOf#Author,0
http://ekaw#Conference_Banquet,http://confOf#University,0
http://ekaw#Conference_Banquet,http://confOf#Member_PC,0
http://ekaw#Conference_Banquet,http://confOf#Contribution,0
http://ekaw#Conference_Banquet,http://confOf#Paper,0
http://ekaw#Conference_Banquet,http://confOf#Topic,0
http://ekaw#Conference_Banquet,http://confOf#Poster,0
http://ekaw#Conference_Banquet,http://confOf#Scholar,0
http://ekaw#Conference_Banquet,http://confOf#Event,1
http://ekaw#Conference_Banquet,http://confOf#Reviewing_results_event,0
http://ekaw#Conference_Banquet,http://confOf#Administrative_event,0
http://ekaw#Conference_Banquet,http://confOf#Submission_event,0
http://ekaw#Conference_Banquet,http://confOf#Reviewing_event,0
http://ekaw#Conference_Banquet,http://confOf#Working_event,0
http://ekaw#Conference_Banquet,http://confOf#Workshop,0
http://ekaw#Conference_Banquet,http://confOf#Chair_PC,0
http://ekaw#Conference_Banquet,http://confOf#Tutorial,0
http://ekaw#Conference_Banquet,http://confOf#Administrator,0
http://ekaw#Conference_Banquet,http://confOf#Camera_Ready_event,0
http://ekaw#Conference_Banquet,http://confOf#Social_event,1
http://ekaw#Conference_Banquet,http://confOf#Company,0
http://ekaw#Conference_Banquet,http://confOf#Reception,0
http://ekaw#Conference_Banquet,http://confOf#Conference,0
http://ekaw#Conference_Banquet,http://confOf#Banquet,1
http://ekaw#Conference_Banquet,http://confOf#Trip,0
http://ekaw#Conference_Banquet,http://confOf#Registration_of_participants_event,0
