http://ekaw#Neutral_Review,http://confOf#Organization,0.0
http://ekaw#Neutral_Review,http://confOf#Participant,0.0
http://ekaw#Neutral_Review,http://confOf#Person,0.0
http://ekaw#Neutral_Review,http://confOf#Author,0.0
http://ekaw#Neutral_Review,http://confOf#University,0.0
http://ekaw#Neutral_Review,http://confOf#Member_PC,0.0
http://ekaw#Neutral_Review,http://confOf#Contribution,0.0
http://ekaw#Neutral_Review,http://confOf#Paper,0.0
http://ekaw#Neutral_Review,http://confOf#Topic,0.0
http://ekaw#Neutral_Review,http://confOf#Poster,0.0
http://ekaw#Neutral_Review,http://confOf#Scholar,0.0
http://ekaw#Neutral_Review,http://confOf#Event,0.0
http://ekaw#Neutral_Review,http://confOf#Reviewing_results_event,0.0
http://ekaw#Neutral_Review,http://confOf#Administrative_event,0.0
http://ekaw#Neutral_Review,http://confOf#Submission_event,0.0
http://ekaw#Neutral_Review,http://confOf#Reviewing_event,0.0
http://ekaw#Neutral_Review,http://confOf#Working_event,0.0
http://ekaw#Neutral_Review,http://confOf#Workshop,0.0
http://ekaw#Neutral_Review,http://confOf#Chair_PC,0.0
http://ekaw#Neutral_Review,http://confOf#Tutorial,0.0
http://ekaw#Neutral_Review,http://confOf#Administrator,0.0
http://ekaw#Neutral_Review,http://confOf#Camera_Ready_event,0.0
http://ekaw#Neutral_Review,http://confOf#Social_event,0.0
http://ekaw#Neutral_Review,http://confOf#Company,0.0
http://ekaw#Neutral_Review,http://confOf#Reception,0.0
http://ekaw#Neutral_Review,http://confOf#Conference,0.0
http://ekaw#Neutral_Review,http://confOf#Banquet,0.0
http://ekaw#Neutral_Review,http://confOf#Trip,0.0
http://ekaw#Neutral_Review,http://confOf#Registration_of_participants_event,0.0
http://ekaw#Research_Topic,http://confOf#Organization,0.0
http://ekaw#Research_Topic,http://confOf#Participant,0.0
http://ekaw#Research_Topic,http://confOf#Person,0.0
http://ekaw#Research_Topic,http://confOf#Author,0.0
http://ekaw#Research_Topic,http://confOf#University,0.0
http://ekaw#Research_Topic,http://confOf#Member_PC,0.0
http://ekaw#Research_Topic,http://confOf#Contribution,0.0
http://ekaw#Research_Topic,http://confOf#Paper,0.0
http://ekaw#Research_Topic,http://confOf#Topic,0.986294006987369
http://ekaw#Research_Topic,http://confOf#Poster,0.0
http://ekaw#Research_Topic,http://confOf#Scholar,0.0
http://ekaw#Research_Topic,http://confOf#Event,0.0
http://ekaw#Research_Topic,http://confOf#Reviewing_results_event,0.0
http://ekaw#Research_Topic,http://confOf#Administrative_event,0.0
http://ekaw#Research_Topic,http://confOf#Submission_event,0.0
http://ekaw#Research_Topic,http://confOf#Reviewing_event,0.0
http://ekaw#Research_Topic,http://confOf#Working_event,0.0
http://ekaw#Research_Topic,http://confOf#Workshop,0.0
http://ekaw#Research_Topic,http://confOf#Chair_PC,0.0
http://ekaw#Research_Topic,http://confOf#Tutorial,0.0
http://ekaw#Research_Topic,http://confOf#Administrator,0.0
http://ekaw#Research_Topic,http://confOf#Camera_Ready_event,0.0
http://ekaw#Research_Topic,http://confOf#Social_event,0.0
http://ekaw#Research_Topic,http://confOf#Company,0.0
http://ekaw#Research_Topic,http://confOf#Reception,0.0
http://ekaw#Research_Topic,http://confOf#Conference,0.0
http://ekaw#Research_Topic,http://confOf#Banquet,0.0
http://ekaw#Research_Topic,http://confOf#Trip,0.0
http://ekaw#Research_Topic,http://confOf#Registration_of_participants_event,0.0
http://ekaw#Student,http://confOf#Organization,0.0
http://ekaw#Student,http://confOf#Participant,0.021836673646425366
http://ekaw#Student,http://confOf#Person,0.027604166666666666
http://ekaw#Student,http://confOf#Author,0.025533788245652653
http://ekaw#Student,http://confOf#University,0.0
http://ekaw#Student,http://confOf#Member_PC,0.0006215040397762585
http://ekaw#Student,http://confOf#Contribution,0.0
http://ekaw#Student,http://confOf#Paper,0.0
http://ekaw#Student,http://confOf#Topic,0.0
http://ekaw#Student,http://confOf#Poster,0.0
http://ekaw#Student,http://confOf#Scholar,0.10550763105507631
http://ekaw#Student,http://confOf#Event,0.0
http://ekaw#Student,http://confOf#Reviewing_results_event,0.0
http://ekaw#Student,http://confOf#Administrative_event,0.0
http://ekaw#Student,http://confOf#Submission_event,0.0
http://ekaw#Student,http://confOf#Reviewing_event,0.0
http://ekaw#Student,http://confOf#Working_event,0.0
http://ekaw#Student,http://confOf#Workshop,0.0
http://ekaw#Student,http://confOf#Chair_PC,0.0
http://ekaw#Student,http://confOf#Tutorial,0.0
http://ekaw#Student,http://confOf#Administrator,0.0
http://ekaw#Student,http://confOf#Camera_Ready_event,0.0
http://ekaw#Student,http://confOf#Social_event,0.0
http://ekaw#Student,http://confOf#Company,0.0
http://ekaw#Student,http://confOf#Reception,0.0
http://ekaw#Student,http://confOf#Conference,0.0
http://ekaw#Student,http://confOf#Banquet,0.0
http://ekaw#Student,http://confOf#Trip,0.0
http://ekaw#Student,http://confOf#Registration_of_participants_event,0.0
http://ekaw#Early-Registered_Participant,http://confOf#Organization,0.0
http://ekaw#Early-Registered_Participant,http://confOf#Participant,0.0933374270801351
http://ekaw#Early-Registered_Participant,http://confOf#Person,0.05277777777777778
http://ekaw#Early-Registered_Participant,http://confOf#Author,0.05097352876832203
http://ekaw#Early-Registered_Participant,http://confOf#University,0.0
http://ekaw#Early-Registered_Participant,http://confOf#Member_PC,0.0572289156626506
http://ekaw#Early-Registered_Participant,http://confOf#Contribution,0.0
http://ekaw#Early-Registered_Participant,http://confOf#Paper,0.0
http://ekaw#Early-Registered_Participant,http://confOf#Topic,0.0
http://ekaw#Early-Registered_Participant,http://confOf#Poster,0.0
http://ekaw#Early-Registered_Participant,http://confOf#Scholar,0.03960964408725603
http://ekaw#Early-Registered_Participant,http://confOf#Event,0.0
http://ekaw#Early-Registered_Participant,http://confOf#Reviewing_results_event,0.0
http://ekaw#Early-Registered_Participant,http://confOf#Administrative_event,0.0
http://ekaw#Early-Registered_Participant,http://confOf#Submission_event,0.0
http://ekaw#Early-Registered_Participant,http://confOf#Reviewing_event,0.0
http://ekaw#Early-Registered_Participant,http://confOf#Working_event,0.0
http://ekaw#Early-Registered_Participant,http://confOf#Workshop,0.0
http://ekaw#Early-Registered_Participant,http://confOf#Chair_PC,0.003246753246753247
http://ekaw#Early-Registered_Participant,http://confOf#Tutorial,0.0
http://ekaw#Early-Registered_Participant,http://confOf#Administrator,0.0
http://ekaw#Early-Registered_Participant,http://confOf#Camera_Ready_event,0.0
http://ekaw#Early-Registered_Participant,http://confOf#Social_event,0.0
http://ekaw#Early-Registered_Participant,http://confOf#Company,0.0
http://ekaw#Early-Registered_Participant,http://confOf#Reception,0.0
http://ekaw#Early-Registered_Participant,http://confOf#Conference,0.0
http://ekaw#Early-Registered_Participant,http://confOf#Banquet,0.0
http://ekaw#Early-Registered_Participant,http://confOf#Trip,0.0
http://ekaw#Early-Registered_Participant,http://confOf#Registration_of_participants_event,0.0
http://ekaw#Review,http://confOf#Organization,0.0
http://ekaw#Review,http://confOf#Participant,0.0
http://ekaw#Review,http://confOf#Person,0.0
http://ekaw#Review,http://confOf#Author,0.0
http://ekaw#Review,http://confOf#University,0.0
http://ekaw#Review,http://confOf#Member_PC,0.0
http://ekaw#Review,http://confOf#Contribution,0.0
http://ekaw#Review,http://confOf#Paper,0.0
http://ekaw#Review,http://confOf#Topic,0.0
http://ekaw#Review,http://confOf#Poster,0.0
http://ekaw#Review,http://confOf#Scholar,0.0
http://ekaw#Review,http://confOf#Event,0.0
http://ekaw#Review,http://confOf#Reviewing_results_event,0.0
http://ekaw#Review,http://confOf#Administrative_event,0.0
http://ekaw#Review,http://confOf#Submission_event,0.0
http://ekaw#Review,http://confOf#Reviewing_event,0.0
http://ekaw#Review,http://confOf#Working_event,0.0
http://ekaw#Review,http://confOf#Workshop,0.0
http://ekaw#Review,http://confOf#Chair_PC,0.0
http://ekaw#Review,http://confOf#Tutorial,0.0
http://ekaw#Review,http://confOf#Administrator,0.0
http://ekaw#Review,http://confOf#Camera_Ready_event,0.0
http://ekaw#Review,http://confOf#Social_event,0.0
http://ekaw#Review,http://confOf#Company,0.0
http://ekaw#Review,http://confOf#Reception,0.0
http://ekaw#Review,http://confOf#Conference,0.0
http://ekaw#Review,http://confOf#Banquet,0.0
http://ekaw#Review,http://confOf#Trip,0.0
http://ekaw#Review,http://confOf#Registration_of_participants_event,0.0
http://ekaw#Contributed_Talk,http://confOf#Organization,0.0
http://ekaw#Contributed_Talk,http://confOf#Participant,0.0
http://ekaw#Contributed_Talk,http://confOf#Person,0.0
http://ekaw#Contributed_Talk,http://confOf#Author,0.0
http://ekaw#Contributed_Talk,http://confOf#University,0.0
http://ekaw#Contributed_Talk,http://confOf#Member_PC,0.0
http://ekaw#Contributed_Talk,http://confOf#Contribution,0.0
http://ekaw#Contributed_Talk,http://confOf#Paper,0.0
http://ekaw#Contributed_Talk,http://confOf#Topic,0.0
http://ekaw#Contributed_Talk,http://confOf#Poster,0.0
http://ekaw#Contributed_Talk,http://confOf#Scholar,0.0
http://ekaw#Contributed_Talk,http://confOf#Event,0.0
http://ekaw#Contributed_Talk,http://confOf#Reviewing_results_event,0.0
http://ekaw#Contributed_Talk,http://confOf#Administrative_event,0.0
http://ekaw#Contributed_Talk,http://confOf#Submission_event,0.0
http://ekaw#Contributed_Talk,http://confOf#Reviewing_event,0.0
http://ekaw#Contributed_Talk,http://confOf#Working_event,0.0
http://ekaw#Contributed_Talk,http://confOf#Workshop,0.0
http://ekaw#Contributed_Talk,http://confOf#Chair_PC,0.0
http://ekaw#Contributed_Talk,http://confOf#Tutorial,0.0
http://ekaw#Contributed_Talk,http://confOf#Administrator,0.0
http://ekaw#Contributed_Talk,http://confOf#Camera_Ready_event,0.0
http://ekaw#Contributed_Talk,http://confOf#Social_event,0.0
http://ekaw#Contributed_Talk,http://confOf#Company,0.0
http://ekaw#Contributed_Talk,http://confOf#Reception,0.0
http://ekaw#Contributed_Talk,http://confOf#Conference,0.0
http://ekaw#Contributed_Talk,http://confOf#Banquet,0.0
http://ekaw#Contributed_Talk,http://confOf#Trip,0.0
http://ekaw#Contributed_Talk,http://confOf#Registration_of_participants_event,0.0
http://ekaw#Document,http://confOf#Organization,0.0
http://ekaw#Document,http://confOf#Participant,0.0
http://ekaw#Document,http://confOf#Person,0.0
http://ekaw#Document,http://confOf#Author,0.0
http://ekaw#Document,http://confOf#University,0.0
http://ekaw#Document,http://confOf#Member_PC,0.0
http://ekaw#Document,http://confOf#Contribution,0.08094928478543563
http://ekaw#Document,http://confOf#Paper,0.08398133748055987
http://ekaw#Document,http://confOf#Topic,0.0
http://ekaw#Document,http://confOf#Poster,0.062320916905444126
http://ekaw#Document,http://confOf#Scholar,0.0
http://ekaw#Document,http://confOf#Event,0.0
http://ekaw#Document,http://confOf#Reviewing_results_event,0.0
http://ekaw#Document,http://confOf#Administrative_event,0.0
http://ekaw#Document,http://confOf#Submission_event,0.0
http://ekaw#Document,http://confOf#Reviewing_event,0.0
http://ekaw#Document,http://confOf#Working_event,0.0
http://ekaw#Document,http://confOf#Workshop,0.0
http://ekaw#Document,http://confOf#Chair_PC,0.0
http://ekaw#Document,http://confOf#Tutorial,0.0
http://ekaw#Document,http://confOf#Administrator,0.0
http://ekaw#Document,http://confOf#Camera_Ready_event,0.0
http://ekaw#Document,http://confOf#Social_event,0.0
http://ekaw#Document,http://confOf#Company,0.0
http://ekaw#Document,http://confOf#Reception,0.0
http://ekaw#Document,http://confOf#Conference,0.0
http://ekaw#Document,http://confOf#Banquet,0.0
http://ekaw#Document,http://confOf#Trip,0.0
http://ekaw#Document,http://confOf#Registration_of_participants_event,0.0
http://ekaw#Rejected_Paper,http://confOf#Organization,0.0
http://ekaw#Rejected_Paper,http://confOf#Participant,0.0
http://ekaw#Rejected_Paper,http://confOf#Person,0.0
http://ekaw#Rejected_Paper,http://confOf#Author,0.0
http://ekaw#Rejected_Paper,http://confOf#University,0.0
http://ekaw#Rejected_Paper,http://confOf#Member_PC,0.0
http://ekaw#Rejected_Paper,http://confOf#Contribution,0.05006501950585176
http://ekaw#Rejected_Paper,http://confOf#Paper,0.07950243374797188
http://ekaw#Rejected_Paper,http://confOf#Topic,0.0
http://ekaw#Rejected_Paper,http://confOf#Poster,0.005068790731354091
http://ekaw#Rejected_Paper,http://confOf#Scholar,0.0
http://ekaw#Rejected_Paper,http://confOf#Event,0.0
http://ekaw#Rejected_Paper,http://confOf#Reviewing_results_event,0.0
http://ekaw#Rejected_Paper,http://confOf#Administrative_event,0.0
http://ekaw#Rejected_Paper,http://confOf#Submission_event,0.0
http://ekaw#Rejected_Paper,http://confOf#Reviewing_event,0.0
http://ekaw#Rejected_Paper,http://confOf#Working_event,0.0
http://ekaw#Rejected_Paper,http://confOf#Workshop,0.0
http://ekaw#Rejected_Paper,http://confOf#Chair_PC,0.0
http://ekaw#Rejected_Paper,http://confOf#Tutorial,0.0
http://ekaw#Rejected_Paper,http://confOf#Administrator,0.0
http://ekaw#Rejected_Paper,http://confOf#Camera_Ready_event,0.0
http://ekaw#Rejected_Paper,http://confOf#Social_event,0.0
http://ekaw#Rejected_Paper,http://confOf#Company,0.0
http://ekaw#Rejected_Paper,http://confOf#Reception,0.0
http://ekaw#Rejected_Paper,http://confOf#Conference,0.0
http://ekaw#Rejected_Paper,http://confOf#Banquet,0.0
http://ekaw#Rejected_Paper,http://confOf#Trip,0.0
http://ekaw#Rejected_Paper,http://confOf#Registration_of_participants_event,0.0
http://ekaw#Accepted_Paper,http://confOf#Organization,0.0
http://ekaw#Accepted_Paper,http://confOf#Participant,0.0
http://ekaw#Accepted_Paper,http://confOf#Person,0.0
http://ekaw#Accepted_Paper,http://confOf#Author,0.0
http://ekaw#Accepted_Paper,http://confOf#University,0.0
http://ekaw#Accepted_Paper,http://confOf#Member_PC,0.0
http://ekaw#Accepted_Paper,http://confOf#Contribution,0.030884265279583874
http://ekaw#Accepted_Paper,http://confOf#Paper,0.007804370447450572
http://ekaw#Accepted_Paper,http://confOf#Topic,0.0
http://ekaw#Accepted_Paper,http://confOf#Poster,0.06405124099279423
http://ekaw#Accepted_Paper,http://confOf#Scholar,0.0
http://ekaw#Accepted_Paper,http://confOf#Event,0.0
http://ekaw#Accepted_Paper,http://confOf#Reviewing_results_event,0.0
http://ekaw#Accepted_Paper,http://confOf#Administrative_event,0.0
http://ekaw#Accepted_Paper,http://confOf#Submission_event,0.0
http://ekaw#Accepted_Paper,http://confOf#Reviewing_event,0.0
http://ekaw#Accepted_Paper,http://confOf#Working_event,0.0
http://ekaw#Accepted_Paper,http://confOf#Workshop,0.0
http://ekaw#Accepted_Paper,http://confOf#Chair_PC,0.0
http://ekaw#Accepted_Paper,http://confOf#Tutorial,0.0
http://ekaw#Accepted_Paper,http://confOf#Administrator,0.0
http://ekaw#Accepted_Paper,http://confOf#Camera_Ready_event,0.0
http://ekaw#Accepted_Paper,http://confOf#Social_event,0.0
http://ekaw#Accepted_Paper,http://confOf#Company,0.0
http://ekaw#Accepted_Paper,http://confOf#Reception,0.0
http://ekaw#Accepted_Paper,http://confOf#Conference,0.0
http://ekaw#Accepted_Paper,http://confOf#Banquet,0.0
http://ekaw#Accepted_Paper,http://confOf#Trip,0.0
http://ekaw#Accepted_Paper,http://confOf#Registration_of_participants_event,0.0
http://ekaw#University,http://confOf#Organization,0.1006896551724138
http://ekaw#University,http://confOf#Participant,0.0
http://ekaw#University,http://confOf#Person,0.0
http://ekaw#University,http://confOf#Author,0.0
http://ekaw#University,http://confOf#University,0.10579710144927536
http://ekaw#University,http://confOf#Member_PC,0.0
http://ekaw#University,http://confOf#Contribution,0.0
http://ekaw#University,http://confOf#Paper,0.0
http://ekaw#University,http://confOf#Topic,0.0
http://ekaw#University,http://confOf#Poster,0.0
http://ekaw#University,http://confOf#Scholar,0.0
http://ekaw#University,http://confOf#Event,0.0
http://ekaw#University,http://confOf#Reviewing_results_event,0.0
http://ekaw#University,http://confOf#Administrative_event,0.0
http://ekaw#University,http://confOf#Submission_event,0.0
http://ekaw#University,http://confOf#Reviewing_event,0.0
http://ekaw#University,http://confOf#Working_event,0.0
http://ekaw#University,http://confOf#Workshop,0.0
http://ekaw#University,http://confOf#Chair_PC,0.0
http://ekaw#University,http://confOf#Tutorial,0.0
http://ekaw#University,http://confOf#Administrator,0.0
http://ekaw#University,http://confOf#Camera_Ready_event,0.0
http://ekaw#University,http://confOf#Social_event,0.0
http://ekaw#University,http://confOf#Company,0.0
http://ekaw#University,http://confOf#Reception,0.0
http://ekaw#University,http://confOf#Conference,0.0
http://ekaw#University,http://confOf#Banquet,0.0
http://ekaw#University,http://confOf#Trip,0.0
http://ekaw#University,http://confOf#Registration_of_participants_event,0.0
http://ekaw#PC_Member,http://confOf#Organization,0.0
http://ekaw#PC_Member,http://confOf#Participant,0.03500301750150875
http://ekaw#PC_Member,http://confOf#Person,0.030034722222222223
http://ekaw#PC_Member,http://confOf#Author,0.031795098255685585
http://ekaw#PC_Member,http://confOf#University,0.0
http://ekaw#PC_Member,http://confOf#Member_PC,0.09655638082376772
http://ekaw#PC_Member,http://confOf#Contribution,0.0
http://ekaw#PC_Member,http://confOf#Paper,0.0
http://ekaw#PC_Member,http://confOf#Topic,0.0
http://ekaw#PC_Member,http://confOf#Poster,0.0
http://ekaw#PC_Member,http://confOf#Scholar,0.0029850746268656717
http://ekaw#PC_Member,http://confOf#Event,0.0
http://ekaw#PC_Member,http://confOf#Reviewing_results_event,0.0
http://ekaw#PC_Member,http://confOf#Administrative_event,0.0
http://ekaw#PC_Member,http://confOf#Submission_event,0.0
http://ekaw#PC_Member,http://confOf#Reviewing_event,0.0
http://ekaw#PC_Member,http://confOf#Working_event,0.0
http://ekaw#PC_Member,http://confOf#Workshop,0.0
http://ekaw#PC_Member,http://confOf#Chair_PC,0.005649717514124294
http://ekaw#PC_Member,http://confOf#Tutorial,0.0
http://ekaw#PC_Member,http://confOf#Administrator,0.0
http://ekaw#PC_Member,http://confOf#Camera_Ready_event,0.0
http://ekaw#PC_Member,http://confOf#Social_event,0.0
http://ekaw#PC_Member,http://confOf#Company,0.0
http://ekaw#PC_Member,http://confOf#Reception,0.0
http://ekaw#PC_Member,http://confOf#Conference,0.0
http://ekaw#PC_Member,http://confOf#Banquet,0.0
http://ekaw#PC_Member,http://confOf#Trip,0.0
http://ekaw#PC_Member,http://confOf#Registration_of_participants_event,0.0
http://ekaw#Positive_Review,http://confOf#Organization,0.0
http://ekaw#Positive_Review,http://confOf#Participant,0.0
http://ekaw#Positive_Review,http://confOf#Person,0.0
http://ekaw#Positive_Review,http://confOf#Author,0.0
http://ekaw#Positive_Review,http://confOf#University,0.0
http://ekaw#Positive_Review,http://confOf#Member_PC,0.0
http://ekaw#Positive_Review,http://confOf#Contribution,0.0
http://ekaw#Positive_Review,http://confOf#Paper,0.0
http://ekaw#Positive_Review,http://confOf#Topic,0.0
http://ekaw#Positive_Review,http://confOf#Poster,0.0
http://ekaw#Positive_Review,http://confOf#Scholar,0.0
http://ekaw#Positive_Review,http://confOf#Event,0.0
http://ekaw#Positive_Review,http://confOf#Reviewing_results_event,0.0
http://ekaw#Positive_Review,http://confOf#Administrative_event,0.0
http://ekaw#Positive_Review,http://confOf#Submission_event,0.0
http://ekaw#Positive_Review,http://confOf#Reviewing_event,0.0
http://ekaw#Positive_Review,http://confOf#Working_event,0.0
http://ekaw#Positive_Review,http://confOf#Workshop,0.0
http://ekaw#Positive_Review,http://confOf#Chair_PC,0.0
http://ekaw#Positive_Review,http://confOf#Tutorial,0.0
http://ekaw#Positive_Review,http://confOf#Administrator,0.0
http://ekaw#Positive_Review,http://confOf#Camera_Ready_event,0.0
http://ekaw#Positive_Review,http://confOf#Social_event,0.0
http://ekaw#Positive_Review,http://confOf#Company,0.0
http://ekaw#Positive_Review,http://confOf#Reception,0.0
http://ekaw#Positive_Review,http://confOf#Conference,0.0
http://ekaw#Positive_Review,http://confOf#Banquet,0.0
http://ekaw#Positive_Review,http://confOf#Trip,0.0
http://ekaw#Positive_Review,http://confOf#Registration_of_participants_event,0.0
http://ekaw#Academic_Institution,http://confOf#Organization,0.1006896551724138
http://ekaw#Academic_Institution,http://confOf#Participant,0.0
http://ekaw#Academic_Institution,http://confOf#Person,0.0
http://ekaw#Academic_Institution,http://confOf#Author,0.0
http://ekaw#Academic_Institution,http://confOf#University,0.10579710144927536
http://ekaw#Academic_Institution,http://confOf#Member_PC,0.0
http://ekaw#Academic_Institution,http://confOf#Contribution,0.0
http://ekaw#Academic_Institution,http://confOf#Paper,0.0
http://ekaw#Academic_Institution,http://confOf#Topic,0.0
http://ekaw#Academic_Institution,http://confOf#Poster,0.0
http://ekaw#Academic_Institution,http://confOf#Scholar,0.0
http://ekaw#Academic_Institution,http://confOf#Event,0.0
http://ekaw#Academic_Institution,http://confOf#Reviewing_results_event,0.0
http://ekaw#Academic_Institution,http://confOf#Administrative_event,0.0
http://ekaw#Academic_Institution,http://confOf#Submission_event,0.0
http://ekaw#Academic_Institution,http://confOf#Reviewing_event,0.0
http://ekaw#Academic_Institution,http://confOf#Working_event,0.0
http://ekaw#Academic_Institution,http://confOf#Workshop,0.0
http://ekaw#Academic_Institution,http://confOf#Chair_PC,0.0
http://ekaw#Academic_Institution,http://confOf#Tutorial,0.0
http://ekaw#Academic_Institution,http://confOf#Administrator,0.0
http://ekaw#Academic_Institution,http://confOf#Camera_Ready_event,0.0
http://ekaw#Academic_Institution,http://confOf#Social_event,0.0
http://ekaw#Academic_Institution,http://confOf#Company,0.0
http://ekaw#Academic_Institution,http://confOf#Reception,0.0
http://ekaw#Academic_Institution,http://confOf#Conference,0.0
http://ekaw#Academic_Institution,http://confOf#Banquet,0.0
http://ekaw#Academic_Institution,http://confOf#Trip,0.0
http://ekaw#Academic_Institution,http://confOf#Registration_of_participants_event,0.0
http://ekaw#Conference_Participant,http://confOf#Organization,0.0
http://ekaw#Conference_Participant,http://confOf#Participant,0.095397744590064
http://ekaw#Conference_Participant,http://confOf#Person,0.058506944444444445
http://ekaw#Conference_Participant,http://confOf#Author,0.05519197207678883
http://ekaw#Conference_Participant,http://confOf#University,0.0
http://ekaw#Conference_Participant,http://confOf#Member_PC,0.05924170616113744
http://ekaw#Conference_Participant,http://confOf#Contribution,0.0
http://ekaw#Conference_Participant,http://confOf#Paper,0.0
http://ekaw#Conference_Participant,http://confOf#Topic,0.0
http://ekaw#Conference_Participant,http://confOf#Poster,0.0
http://ekaw#Conference_Participant,http://confOf#Scholar,0.04121964991530209
http://ekaw#Conference_Participant,http://confOf#Event,0.0
http://ekaw#Conference_Participant,http://confOf#Reviewing_results_event,0.0
http://ekaw#Conference_Participant,http://confOf#Administrative_event,0.0
http://ekaw#Conference_Participant,http://confOf#Submission_event,0.0
http://ekaw#Conference_Participant,http://confOf#Reviewing_event,0.0
http://ekaw#Conference_Participant,http://confOf#Working_event,0.0
http://ekaw#Conference_Participant,http://confOf#Workshop,0.0
http://ekaw#Conference_Participant,http://confOf#Chair_PC,0.002932551319648094
http://ekaw#Conference_Participant,http://confOf#Tutorial,0.0
http://ekaw#Conference_Participant,http://confOf#Administrator,0.002932551319648094
http://ekaw#Conference_Participant,http://confOf#Camera_Ready_event,0.0
http://ekaw#Conference_Participant,http://confOf#Social_event,0.0
http://ekaw#Conference_Participant,http://confOf#Company,0.0
http://ekaw#Conference_Participant,http://confOf#Reception,0.0
http://ekaw#Conference_Participant,http://confOf#Conference,0.0
http://ekaw#Conference_Participant,http://confOf#Banquet,0.0
http://ekaw#Conference_Participant,http://confOf#Trip,0.0
http://ekaw#Conference_Participant,http://confOf#Registration_of_participants_event,0.0
http://ekaw#Poster_Paper,http://confOf#Organization,0.0
http://ekaw#Poster_Paper,http://confOf#Participant,0.0
http://ekaw#Poster_Paper,http://confOf#Person,0.0
http://ekaw#Poster_Paper,http://confOf#Author,0.0
http://ekaw#Poster_Paper,http://confOf#University,0.0
http://ekaw#Poster_Paper,http://confOf#Member_PC,0.0
http://ekaw#Poster_Paper,http://confOf#Contribution,0.013328998699609884
http://ekaw#Poster_Paper,http://confOf#Paper,0.0
http://ekaw#Poster_Paper,http://confOf#Topic,0.0
http://ekaw#Poster_Paper,http://confOf#Poster,0.03322528363047002
http://ekaw#Poster_Paper,http://confOf#Scholar,0.0
http://ekaw#Poster_Paper,http://confOf#Event,0.0
http://ekaw#Poster_Paper,http://confOf#Reviewing_results_event,0.0
http://ekaw#Poster_Paper,http://confOf#Administrative_event,0.0
http://ekaw#Poster_Paper,http://confOf#Submission_event,0.0
http://ekaw#Poster_Paper,http://confOf#Reviewing_event,0.0
http://ekaw#Poster_Paper,http://confOf#Working_event,0.0
http://ekaw#Poster_Paper,http://confOf#Workshop,0.0
http://ekaw#Poster_Paper,http://confOf#Chair_PC,0.0
http://ekaw#Poster_Paper,http://confOf#Tutorial,0.0
http://ekaw#Poster_Paper,http://confOf#Administrator,0.0
http://ekaw#Poster_Paper,http://confOf#Camera_Ready_event,0.0
http://ekaw#Poster_Paper,http://confOf#Social_event,0.0
http://ekaw#Poster_Paper,http://confOf#Company,0.0
http://ekaw#Poster_Paper,http://confOf#Reception,0.0
http://ekaw#Poster_Paper,http://confOf#Conference,0.0
http://ekaw#Poster_Paper,http://confOf#Banquet,0.0
http://ekaw#Poster_Paper,http://confOf#Trip,0.0
http://ekaw#Poster_Paper,http://confOf#Registration_of_participants_event,0.0
http://ekaw#Camera_Ready_Paper,http://confOf#Organization,0.0
http://ekaw#Camera_Ready_Paper,http://confOf#Participant,0.0
http://ekaw#Camera_Ready_Paper,http://confOf#Person,0.0
http://ekaw#Camera_Ready_Paper,http://confOf#Author,0.0
http://ekaw#Camera_Ready_Paper,http://confOf#University,0.0
http://ekaw#Camera_Ready_Paper,http://confOf#Member_PC,0.0
http://ekaw#Camera_Ready_Paper,http://confOf#Contribution,0.030884265279583874
http://ekaw#Camera_Ready_Paper,http://confOf#Paper,0.007804370447450572
http://ekaw#Camera_Ready_Paper,http://confOf#Topic,0.0
http://ekaw#Camera_Ready_Paper,http://confOf#Poster,0.06405124099279423
http://ekaw#Camera_Ready_Paper,http://confOf#Scholar,0.0
http://ekaw#Camera_Ready_Paper,http://confOf#Event,0.0
http://ekaw#Camera_Ready_Paper,http://confOf#Reviewing_results_event,0.0
http://ekaw#Camera_Ready_Paper,http://confOf#Administrative_event,0.0
http://ekaw#Camera_Ready_Paper,http://confOf#Submission_event,0.0
http://ekaw#Camera_Ready_Paper,http://confOf#Reviewing_event,0.0
http://ekaw#Camera_Ready_Paper,http://confOf#Working_event,0.0
http://ekaw#Camera_Ready_Paper,http://confOf#Workshop,0.0
http://ekaw#Camera_Ready_Paper,http://confOf#Chair_PC,0.0
http://ekaw#Camera_Ready_Paper,http://confOf#Tutorial,0.0
http://ekaw#Camera_Ready_Paper,http://confOf#Administrator,0.0
http://ekaw#Camera_Ready_Paper,http://confOf#Camera_Ready_event,0.0
http://ekaw#Camera_Ready_Paper,http://confOf#Social_event,0.0
http://ekaw#Camera_Ready_Paper,http://confOf#Company,0.0
http://ekaw#Camera_Ready_Paper,http://confOf#Reception,0.0
http://ekaw#Camera_Ready_Paper,http://confOf#Conference,0.0
http://ekaw#Camera_Ready_Paper,http://confOf#Banquet,0.0
http://ekaw#Camera_Ready_Paper,http://confOf#Trip,0.0
http://ekaw#Camera_Ready_Paper,http://confOf#Registration_of_participants_event,0.0
http://ekaw#Paper_Author,http://confOf#Organization,0.0
http://ekaw#Paper_Author,http://confOf#Participant,0.06948465547191662
http://ekaw#Paper_Author,http://confOf#Person,0.07586805555555555
http://ekaw#Paper_Author,http://confOf#Author,0.0971111111111111
http://ekaw#Paper_Author,http://confOf#University,0.0
http://ekaw#Paper_Author,http://confOf#Member_PC,0.07211811470755253
http://ekaw#Paper_Author,http://confOf#Contribution,0.0
http://ekaw#Paper_Author,http://confOf#Paper,0.0
http://ekaw#Paper_Author,http://confOf#Topic,0.0
http://ekaw#Paper_Author,http://confOf#Poster,0.0
http://ekaw#Paper_Author,http://confOf#Scholar,0.06345733041575492
http://ekaw#Paper_Author,http://confOf#Event,0.0
http://ekaw#Paper_Author,http://confOf#Reviewing_results_event,0.0
http://ekaw#Paper_Author,http://confOf#Administrative_event,0.0
http://ekaw#Paper_Author,http://confOf#Submission_event,0.0
http://ekaw#Paper_Author,http://confOf#Reviewing_event,0.0
http://ekaw#Paper_Author,http://confOf#Working_event,0.0
http://ekaw#Paper_Author,http://confOf#Workshop,0.0
http://ekaw#Paper_Author,http://confOf#Chair_PC,0.0022675736961451248
http://ekaw#Paper_Author,http://confOf#Tutorial,0.0
http://ekaw#Paper_Author,http://confOf#Administrator,0.0
http://ekaw#Paper_Author,http://confOf#Camera_Ready_event,0.0
http://ekaw#Paper_Author,http://confOf#Social_event,0.0
http://ekaw#Paper_Author,http://confOf#Company,0.0
http://ekaw#Paper_Author,http://confOf#Reception,0.0
http://ekaw#Paper_Author,http://confOf#Conference,0.0
http://ekaw#Paper_Author,http://confOf#Banquet,0.0
http://ekaw#Paper_Author,http://confOf#Trip,0.0
http://ekaw#Paper_Author,http://confOf#Registration_of_participants_event,0.0
http://ekaw#Negative_Review,http://confOf#Organization,0.0
http://ekaw#Negative_Review,http://confOf#Participant,0.0
http://ekaw#Negative_Review,http://confOf#Person,0.0
http://ekaw#Negative_Review,http://confOf#Author,0.0
http://ekaw#Negative_Review,http://confOf#University,0.0
http://ekaw#Negative_Review,http://confOf#Member_PC,0.0
http://ekaw#Negative_Review,http://confOf#Contribution,0.0
http://ekaw#Negative_Review,http://confOf#Paper,0.0
http://ekaw#Negative_Review,http://confOf#Topic,0.0
http://ekaw#Negative_Review,http://confOf#Poster,0.0
http://ekaw#Negative_Review,http://confOf#Scholar,0.0
http://ekaw#Negative_Review,http://confOf#Event,0.0
http://ekaw#Negative_Review,http://confOf#Reviewing_results_event,0.0
http://ekaw#Negative_Review,http://confOf#Administrative_event,0.0
http://ekaw#Negative_Review,http://confOf#Submission_event,0.0
http://ekaw#Negative_Review,http://confOf#Reviewing_event,0.0
http://ekaw#Negative_Review,http://confOf#Working_event,0.0
http://ekaw#Negative_Review,http://confOf#Workshop,0.0
http://ekaw#Negative_Review,http://confOf#Chair_PC,0.0
http://ekaw#Negative_Review,http://confOf#Tutorial,0.0
http://ekaw#Negative_Review,http://confOf#Administrator,0.0
http://ekaw#Negative_Review,http://confOf#Camera_Ready_event,0.0
http://ekaw#Negative_Review,http://confOf#Social_event,0.0
http://ekaw#Negative_Review,http://confOf#Company,0.0
http://ekaw#Negative_Review,http://confOf#Reception,0.0
http://ekaw#Negative_Review,http://confOf#Conference,0.0
http://ekaw#Negative_Review,http://confOf#Banquet,0.0
http://ekaw#Negative_Review,http://confOf#Trip,0.0
http://ekaw#Negative_Review,http://confOf#Registration_of_participants_event,0.0
http://ekaw#Possible_Reviewer,http://confOf#Organization,0.0
http://ekaw#Possible_Reviewer,http://confOf#Participant,0.05977146205684149
http://ekaw#Possible_Reviewer,http://confOf#Person,0.0625
http://ekaw#Possible_Reviewer,http://confOf#Author,0.05652173913043478
http://ekaw#Possible_Reviewer,http://confOf#University,0.0
http://ekaw#Possible_Reviewer,http://confOf#Member_PC,0.08573141486810551
http://ekaw#Possible_Reviewer,http://confOf#Contribution,0.0
http://ekaw#Possible_Reviewer,http://confOf#Paper,0.0
http://ekaw#Possible_Reviewer,http://confOf#Topic,0.0
http://ekaw#Possible_Reviewer,http://confOf#Poster,0.0
http://ekaw#Possible_Reviewer,http://confOf#Scholar,0.04069119286510591
http://ekaw#Possible_Reviewer,http://confOf#Event,0.0
http://ekaw#Possible_Reviewer,http://confOf#Reviewing_results_event,0.0
http://ekaw#Possible_Reviewer,http://confOf#Administrative_event,0.0
http://ekaw#Possible_Reviewer,http://confOf#Submission_event,0.0
http://ekaw#Possible_Reviewer,http://confOf#Reviewing_event,0.0
http://ekaw#Possible_Reviewer,http://confOf#Working_event,0.0
http://ekaw#Possible_Reviewer,http://confOf#Workshop,0.0
http://ekaw#Possible_Reviewer,http://confOf#Chair_PC,0.0027472527472527475
http://ekaw#Possible_Reviewer,http://confOf#Tutorial,0.0
http://ekaw#Possible_Reviewer,http://confOf#Administrator,0.0
http://ekaw#Possible_Reviewer,http://confOf#Camera_Ready_event,0.0
http://ekaw#Possible_Reviewer,http://confOf#Social_event,0.0
http://ekaw#Possible_Reviewer,http://confOf#Company,0.0
http://ekaw#Possible_Reviewer,http://confOf#Reception,0.0
http://ekaw#Possible_Reviewer,http://confOf#Conference,0.0
http://ekaw#Possible_Reviewer,http://confOf#Banquet,0.0
http://ekaw#Possible_Reviewer,http://confOf#Trip,0.0
http://ekaw#Possible_Reviewer,http://confOf#Registration_of_participants_event,0.0
http://ekaw#Paper,http://confOf#Organization,0.0
http://ekaw#Paper,http://confOf#Participant,0.0
http://ekaw#Paper,http://confOf#Person,0.0
http://ekaw#Paper,http://confOf#Author,0.0
http://ekaw#Paper,http://confOf#University,0.0
http://ekaw#Paper,http://confOf#Member_PC,0.0
http://ekaw#Paper,http://confOf#Contribution,0.08094928478543563
http://ekaw#Paper,http://confOf#Paper,0.08398133748055987
http://ekaw#Paper,http://confOf#Topic,0.0
http://ekaw#Paper,http://confOf#Poster,0.062320916905444126
http://ekaw#Paper,http://confOf#Scholar,0.0
http://ekaw#Paper,http://confOf#Event,0.0
http://ekaw#Paper,http://confOf#Reviewing_results_event,0.0
http://ekaw#Paper,http://confOf#Administrative_event,0.0
http://ekaw#Paper,http://confOf#Submission_event,0.0
http://ekaw#Paper,http://confOf#Reviewing_event,0.0
http://ekaw#Paper,http://confOf#Working_event,0.0
http://ekaw#Paper,http://confOf#Workshop,0.0
http://ekaw#Paper,http://confOf#Chair_PC,0.0
http://ekaw#Paper,http://confOf#Tutorial,0.0
http://ekaw#Paper,http://confOf#Administrator,0.0
http://ekaw#Paper,http://confOf#Camera_Ready_event,0.0
http://ekaw#Paper,http://confOf#Social_event,0.0
http://ekaw#Paper,http://confOf#Company,0.0
http://ekaw#Paper,http://confOf#Reception,0.0
http://ekaw#Paper,http://confOf#Conference,0.0
http://ekaw#Paper,http://confOf#Banquet,0.0
http://ekaw#Paper,http://confOf#Trip,0.0
http://ekaw#Paper,http://confOf#Registration_of_participants_event,0.0
http://ekaw#Evaluated_Paper,http://confOf#Organization,0.0
http://ekaw#Evaluated_Paper,http://confOf#Participant,0.0
http://ekaw#Evaluated_Paper,http://confOf#Person,0.0
http://ekaw#Evaluated_Paper,http://confOf#Author,0.0
http://ekaw#Evaluated_Paper,http://confOf#University,0.0
http://ekaw#Evaluated_Paper,http://confOf#Member_PC,0.0
http://ekaw#Evaluated_Paper,http://confOf#Contribution,0.08094928478543563
http://ekaw#Evaluated_Paper,http://confOf#Paper,0.08398133748055987
http://ekaw#Evaluated_Paper,http://confOf#Topic,0.0
http://ekaw#Evaluated_Paper,http://confOf#Poster,0.062320916905444126
http://ekaw#Evaluated_Paper,http://confOf#Scholar,0.0
http://ekaw#Evaluated_Paper,http://confOf#Event,0.0
http://ekaw#Evaluated_Paper,http://confOf#Reviewing_results_event,0.0
http://ekaw#Evaluated_Paper,http://confOf#Administrative_event,0.0
http://ekaw#Evaluated_Paper,http://confOf#Submission_event,0.0
http://ekaw#Evaluated_Paper,http://confOf#Reviewing_event,0.0
http://ekaw#Evaluated_Paper,http://confOf#Working_event,0.0
http://ekaw#Evaluated_Paper,http://confOf#Workshop,0.0
http://ekaw#Evaluated_Paper,http://confOf#Chair_PC,0.0
http://ekaw#Evaluated_Paper,http://confOf#Tutorial,0.0
http://ekaw#Evaluated_Paper,http://confOf#Administrator,0.0
http://ekaw#Evaluated_Paper,http://confOf#Camera_Ready_event,0.0
http://ekaw#Evaluated_Paper,http://confOf#Social_event,0.0
http://ekaw#Evaluated_Paper,http://confOf#Company,0.0
http://ekaw#Evaluated_Paper,http://confOf#Reception,0.0
http://ekaw#Evaluated_Paper,http://confOf#Conference,0.0
http://ekaw#Evaluated_Paper,http://confOf#Banquet,0.0
http://ekaw#Evaluated_Paper,http://confOf#Trip,0.0
http://ekaw#Evaluated_Paper,http://confOf#Registration_of_participants_event,0.0
http://ekaw#Person,http://confOf#Organization,0.0
http://ekaw#Person,http://confOf#Participant,0.08769963575231157
http://ekaw#Person,http://confOf#Person,0.10850694444444445
http://ekaw#Person,http://confOf#Author,0.09321672354948805
http://ekaw#Person,http://confOf#University,0.0
http://ekaw#Person,http://confOf#Member_PC,0.07397827211588205
http://ekaw#Person,http://confOf#Contribution,0.0
http://ekaw#Person,http://confOf#Paper,0.0
http://ekaw#Person,http://confOf#Topic,0.0
http://ekaw#Person,http://confOf#Poster,0.0
http://ekaw#Person,http://confOf#Scholar,0.08058793715154587
http://ekaw#Person,http://confOf#Event,0.0
http://ekaw#Person,http://confOf#Reviewing_results_event,0.0
http://ekaw#Person,http://confOf#Administrative_event,0.0
http://ekaw#Person,http://confOf#Submission_event,0.0
http://ekaw#Person,http://confOf#Reviewing_event,0.0
http://ekaw#Person,http://confOf#Working_event,0.0
http://ekaw#Person,http://confOf#Workshop,0.0
http://ekaw#Person,http://confOf#Chair_PC,0.001589825119236884
http://ekaw#Person,http://confOf#Tutorial,0.0
http://ekaw#Person,http://confOf#Administrator,0.001589825119236884
http://ekaw#Person,http://confOf#Camera_Ready_event,0.0
http://ekaw#Person,http://confOf#Social_event,0.0
http://ekaw#Person,http://confOf#Company,0.0
http://ekaw#Person,http://confOf#Reception,0.0
http://ekaw#Person,http://confOf#Conference,0.0
http://ekaw#Person,http://confOf#Banquet,0.0
http://ekaw#Person,http://confOf#Trip,0.0
http://ekaw#Person,http://confOf#Registration_of_participants_event,0.0
http://ekaw#Scientific_Event,http://confOf#Organization,0.0
http://ekaw#Scientific_Event,http://confOf#Participant,0.0
http://ekaw#Scientific_Event,http://confOf#Person,0.0
http://ekaw#Scientific_Event,http://confOf#Author,0.0
http://ekaw#Scientific_Event,http://confOf#University,0.0
http://ekaw#Scientific_Event,http://confOf#Member_PC,0.0
http://ekaw#Scientific_Event,http://confOf#Contribution,0.0
http://ekaw#Scientific_Event,http://confOf#Paper,0.0
http://ekaw#Scientific_Event,http://confOf#Topic,0.0
http://ekaw#Scientific_Event,http://confOf#Poster,0.0
http://ekaw#Scientific_Event,http://confOf#Scholar,0.0
http://ekaw#Scientific_Event,http://confOf#Event,0.026634382566585957
http://ekaw#Scientific_Event,http://confOf#Reviewing_results_event,0.0
http://ekaw#Scientific_Event,http://confOf#Administrative_event,0.0
http://ekaw#Scientific_Event,http://confOf#Submission_event,0.0
http://ekaw#Scientific_Event,http://confOf#Reviewing_event,0.0
http://ekaw#Scientific_Event,http://confOf#Working_event,0.10091743119266056
http://ekaw#Scientific_Event,http://confOf#Workshop,0.08450704225352113
http://ekaw#Scientific_Event,http://confOf#Chair_PC,0.0
http://ekaw#Scientific_Event,http://confOf#Tutorial,0.08888888888888889
http://ekaw#Scientific_Event,http://confOf#Administrator,0.0
http://ekaw#Scientific_Event,http://confOf#Camera_Ready_event,0.0
http://ekaw#Scientific_Event,http://confOf#Social_event,0.0
http://ekaw#Scientific_Event,http://confOf#Company,0.0
http://ekaw#Scientific_Event,http://confOf#Reception,0.0
http://ekaw#Scientific_Event,http://confOf#Conference,0.06666666666666667
http://ekaw#Scientific_Event,http://confOf#Banquet,0.0
http://ekaw#Scientific_Event,http://confOf#Trip,0.0
http://ekaw#Scientific_Event,http://confOf#Registration_of_participants_event,0.0
http://ekaw#Individual_Presentation,http://confOf#Organization,0.0
http://ekaw#Individual_Presentation,http://confOf#Participant,0.0
http://ekaw#Individual_Presentation,http://confOf#Person,0.0
http://ekaw#Individual_Presentation,http://confOf#Author,0.0
http://ekaw#Individual_Presentation,http://confOf#University,0.0
http://ekaw#Individual_Presentation,http://confOf#Member_PC,0.0
http://ekaw#Individual_Presentation,http://confOf#Contribution,0.0
http://ekaw#Individual_Presentation,http://confOf#Paper,0.0
http://ekaw#Individual_Presentation,http://confOf#Topic,0.0
http://ekaw#Individual_Presentation,http://confOf#Poster,0.0
http://ekaw#Individual_Presentation,http://confOf#Scholar,0.0
http://ekaw#Individual_Presentation,http://confOf#Event,0.009685230024213076
http://ekaw#Individual_Presentation,http://confOf#Reviewing_results_event,0.0
http://ekaw#Individual_Presentation,http://confOf#Administrative_event,0.0
http://ekaw#Individual_Presentation,http://confOf#Submission_event,0.0
http://ekaw#Individual_Presentation,http://confOf#Reviewing_event,0.0
http://ekaw#Individual_Presentation,http://confOf#Working_event,0.03669724770642202
http://ekaw#Individual_Presentation,http://confOf#Workshop,0.0
http://ekaw#Individual_Presentation,http://confOf#Chair_PC,0.0
http://ekaw#Individual_Presentation,http://confOf#Tutorial,0.10526315789473684
http://ekaw#Individual_Presentation,http://confOf#Administrator,0.0
http://ekaw#Individual_Presentation,http://confOf#Camera_Ready_event,0.0
http://ekaw#Individual_Presentation,http://confOf#Social_event,0.0
http://ekaw#Individual_Presentation,http://confOf#Company,0.0
http://ekaw#Individual_Presentation,http://confOf#Reception,0.0
http://ekaw#Individual_Presentation,http://confOf#Conference,0.0
http://ekaw#Individual_Presentation,http://confOf#Banquet,0.0
http://ekaw#Individual_Presentation,http://confOf#Trip,0.0
http://ekaw#Individual_Presentation,http://confOf#Registration_of_participants_event,0.0
http://ekaw#Assigned_Paper,http://confOf#Organization,0.0
http://ekaw#Assigned_Paper,http://confOf#Participant,0.0
http://ekaw#Assigned_Paper,http://confOf#Person,0.0
http://ekaw#Assigned_Paper,http://confOf#Author,0.0
http://ekaw#Assigned_Paper,http://confOf#University,0.0
http://ekaw#Assigned_Paper,http://confOf#Member_PC,0.0
http://ekaw#Assigned_Paper,http://confOf#Contribution,0.08094928478543563
http://ekaw#Assigned_Paper,http://confOf#Paper,0.08398133748055987
http://ekaw#Assigned_Paper,http://confOf#Topic,0.0
http://ekaw#Assigned_Paper,http://confOf#Poster,0.062320916905444126
http://ekaw#Assigned_Paper,http://confOf#Scholar,0.0
http://ekaw#Assigned_Paper,http://confOf#Event,0.0
http://ekaw#Assigned_Paper,http://confOf#Reviewing_results_event,0.0
http://ekaw#Assigned_Paper,http://confOf#Administrative_event,0.0
http://ekaw#Assigned_Paper,http://confOf#Submission_event,0.0
http://ekaw#Assigned_Paper,http://confOf#Reviewing_event,0.0
http://ekaw#Assigned_Paper,http://confOf#Working_event,0.0
http://ekaw#Assigned_Paper,http://confOf#Workshop,0.0
http://ekaw#Assigned_Paper,http://confOf#Chair_PC,0.0
http://ekaw#Assigned_Paper,http://confOf#Tutorial,0.0
http://ekaw#Assigned_Paper,http://confOf#Administrator,0.0
http://ekaw#Assigned_Paper,http://confOf#Camera_Ready_event,0.0
http://ekaw#Assigned_Paper,http://confOf#Social_event,0.0
http://ekaw#Assigned_Paper,http://confOf#Company,0.0
http://ekaw#Assigned_Paper,http://confOf#Reception,0.0
http://ekaw#Assigned_Paper,http://confOf#Conference,0.0
http://ekaw#Assigned_Paper,http://confOf#Banquet,0.0
http://ekaw#Assigned_Paper,http://confOf#Trip,0.0
http://ekaw#Assigned_Paper,http://confOf#Registration_of_participants_event,0.0
http://ekaw#Conference_Paper,http://confOf#Organization,0.0
http://ekaw#Conference_Paper,http://confOf#Participant,0.0
http://ekaw#Conference_Paper,http://confOf#Person,0.0
http://ekaw#Conference_Paper,http://confOf#Author,0.0
http://ekaw#Conference_Paper,http://confOf#University,0.0
http://ekaw#Conference_Paper,http://confOf#Member_PC,0.0
http://ekaw#Conference_Paper,http://confOf#Contribution,0.08094928478543563
http://ekaw#Conference_Paper,http://confOf#Paper,0.08398133748055987
http://ekaw#Conference_Paper,http://confOf#Topic,0.0
http://ekaw#Conference_Paper,http://confOf#Poster,0.062320916905444126
http://ekaw#Conference_Paper,http://confOf#Scholar,0.0
http://ekaw#Conference_Paper,http://confOf#Event,0.0
http://ekaw#Conference_Paper,http://confOf#Reviewing_results_event,0.0
http://ekaw#Conference_Paper,http://confOf#Administrative_event,0.0
http://ekaw#Conference_Paper,http://confOf#Submission_event,0.0
http://ekaw#Conference_Paper,http://confOf#Reviewing_event,0.0
http://ekaw#Conference_Paper,http://confOf#Working_event,0.0
http://ekaw#Conference_Paper,http://confOf#Workshop,0.0
http://ekaw#Conference_Paper,http://confOf#Chair_PC,0.0
http://ekaw#Conference_Paper,http://confOf#Tutorial,0.0
http://ekaw#Conference_Paper,http://confOf#Administrator,0.0
http://ekaw#Conference_Paper,http://confOf#Camera_Ready_event,0.0
http://ekaw#Conference_Paper,http://confOf#Social_event,0.0
http://ekaw#Conference_Paper,http://confOf#Company,0.0
http://ekaw#Conference_Paper,http://confOf#Reception,0.0
http://ekaw#Conference_Paper,http://confOf#Conference,0.0
http://ekaw#Conference_Paper,http://confOf#Banquet,0.0
http://ekaw#Conference_Paper,http://confOf#Trip,0.0
http://ekaw#Conference_Paper,http://confOf#Registration_of_participants_event,0.0
http://ekaw#Regular_Paper,http://confOf#Organization,0.0
http://ekaw#Regular_Paper,http://confOf#Participant,0.0
http://ekaw#Regular_Paper,http://confOf#Person,0.0
http://ekaw#Regular_Paper,http://confOf#Author,0.0
http://ekaw#Regular_Paper,http://confOf#University,0.0
http://ekaw#Regular_Paper,http://confOf#Member_PC,0.0
http://ekaw#Regular_Paper,http://confOf#Contribution,0.05266579973992198
http://ekaw#Regular_Paper,http://confOf#Paper,0.08794788273615635
http://ekaw#Regular_Paper,http://confOf#Topic,0.0
http://ekaw#Regular_Paper,http://confOf#Poster,0.0
http://ekaw#Regular_Paper,http://confOf#Scholar,0.0
http://ekaw#Regular_Paper,http://confOf#Event,0.0
http://ekaw#Regular_Paper,http://confOf#Reviewing_results_event,0.0
http://ekaw#Regular_Paper,http://confOf#Administrative_event,0.0
http://ekaw#Regular_Paper,http://confOf#Submission_event,0.0
http://ekaw#Regular_Paper,http://confOf#Reviewing_event,0.0
http://ekaw#Regular_Paper,http://confOf#Working_event,0.0
http://ekaw#Regular_Paper,http://confOf#Workshop,0.0
http://ekaw#Regular_Paper,http://confOf#Chair_PC,0.0
http://ekaw#Regular_Paper,http://confOf#Tutorial,0.0
http://ekaw#Regular_Paper,http://confOf#Administrator,0.0
http://ekaw#Regular_Paper,http://confOf#Camera_Ready_event,0.0
http://ekaw#Regular_Paper,http://confOf#Social_event,0.0
http://ekaw#Regular_Paper,http://confOf#Company,0.0
http://ekaw#Regular_Paper,http://confOf#Reception,0.0
http://ekaw#Regular_Paper,http://confOf#Conference,0.0
http://ekaw#Regular_Paper,http://confOf#Banquet,0.0
http://ekaw#Regular_Paper,http://confOf#Trip,0.0
http://ekaw#Regular_Paper,http://confOf#Registration_of_participants_event,0.0
http://ekaw#Submitted_Paper,http://confOf#Organization,0.0
http://ekaw#Submitted_Paper,http://confOf#Participant,0.0
http://ekaw#Submitted_Paper,http://confOf#Person,0.0
http://ekaw#Submitted_Paper,http://confOf#Author,0.0
http://ekaw#Submitted_Paper,http://confOf#University,0.0
http://ekaw#Submitted_Paper,http://confOf#Member_PC,0.0
http://ekaw#Submitted_Paper,http://confOf#Contribution,0.08094928478543563
http://ekaw#Submitted_Paper,http://confOf#Paper,0.08398133748055987
http://ekaw#Submitted_Paper,http://confOf#Topic,0.0
http://ekaw#Submitted_Paper,http://confOf#Poster,0.062320916905444126
http://ekaw#Submitted_Paper,http://confOf#Scholar,0.0
http://ekaw#Submitted_Paper,http://confOf#Event,0.0
http://ekaw#Submitted_Paper,http://confOf#Reviewing_results_event,0.0
http://ekaw#Submitted_Paper,http://confOf#Administrative_event,0.0
http://ekaw#Submitted_Paper,http://confOf#Submission_event,0.0
http://ekaw#Submitted_Paper,http://confOf#Reviewing_event,0.0
http://ekaw#Submitted_Paper,http://confOf#Working_event,0.0
http://ekaw#Submitted_Paper,http://confOf#Workshop,0.0
http://ekaw#Submitted_Paper,http://confOf#Chair_PC,0.0
http://ekaw#Submitted_Paper,http://confOf#Tutorial,0.0
http://ekaw#Submitted_Paper,http://confOf#Administrator,0.0
http://ekaw#Submitted_Paper,http://confOf#Camera_Ready_event,0.0
http://ekaw#Submitted_Paper,http://confOf#Social_event,0.0
http://ekaw#Submitted_Paper,http://confOf#Company,0.0
http://ekaw#Submitted_Paper,http://confOf#Reception,0.0
http://ekaw#Submitted_Paper,http://confOf#Conference,0.0
http://ekaw#Submitted_Paper,http://confOf#Banquet,0.0
http://ekaw#Submitted_Paper,http://confOf#Trip,0.0
http://ekaw#Submitted_Paper,http://confOf#Registration_of_participants_event,0.0
http://ekaw#Organisation,http://confOf#Organization,0.10482758620689656
http://ekaw#Organisation,http://confOf#Participant,0.0
http://ekaw#Organisation,http://confOf#Person,0.0
http://ekaw#Organisation,http://confOf#Author,0.0
http://ekaw#Organisation,http://confOf#University,0.10533910533910534
http://ekaw#Organisation,http://confOf#Member_PC,0.0
http://ekaw#Organisation,http://confOf#Contribution,0.0
http://ekaw#Organisation,http://confOf#Paper,0.0
http://ekaw#Organisation,http://confOf#Topic,0.0
http://ekaw#Organisation,http://confOf#Poster,0.0
http://ekaw#Organisation,http://confOf#Scholar,0.0
http://ekaw#Organisation,http://confOf#Event,0.0
http://ekaw#Organisation,http://confOf#Reviewing_results_event,0.0
http://ekaw#Organisation,http://confOf#Administrative_event,0.0
http://ekaw#Organisation,http://confOf#Submission_event,0.0
http://ekaw#Organisation,http://confOf#Reviewing_event,0.0
http://ekaw#Organisation,http://confOf#Working_event,0.0
http://ekaw#Organisation,http://confOf#Workshop,0.0
http://ekaw#Organisation,http://confOf#Chair_PC,0.0
http://ekaw#Organisation,http://confOf#Tutorial,0.0
http://ekaw#Organisation,http://confOf#Administrator,0.0
http://ekaw#Organisation,http://confOf#Camera_Ready_event,0.0
http://ekaw#Organisation,http://confOf#Social_event,0.0
http://ekaw#Organisation,http://confOf#Company,0.027777777777777776
http://ekaw#Organisation,http://confOf#Reception,0.0
http://ekaw#Organisation,http://confOf#Conference,0.0
http://ekaw#Organisation,http://confOf#Banquet,0.0
http://ekaw#Organisation,http://confOf#Trip,0.0
http://ekaw#Organisation,http://confOf#Registration_of_participants_event,0.0
http://ekaw#OC_Member,http://confOf#Organization,0.0
http://ekaw#OC_Member,http://confOf#Participant,0.005790917403230723
http://ekaw#OC_Member,http://confOf#Person,0.007465277777777778
http://ekaw#OC_Member,http://confOf#Author,0.005533421868083223
http://ekaw#OC_Member,http://confOf#University,0.0
http://ekaw#OC_Member,http://confOf#Member_PC,0.004707464694014795
http://ekaw#OC_Member,http://confOf#Contribution,0.0
http://ekaw#OC_Member,http://confOf#Paper,0.0
http://ekaw#OC_Member,http://confOf#Topic,0.0
http://ekaw#OC_Member,http://confOf#Poster,0.0
http://ekaw#OC_Member,http://confOf#Scholar,0.0
http://ekaw#OC_Member,http://confOf#Event,0.0
http://ekaw#OC_Member,http://confOf#Reviewing_results_event,0.0
http://ekaw#OC_Member,http://confOf#Administrative_event,0.0
http://ekaw#OC_Member,http://confOf#Submission_event,0.0
http://ekaw#OC_Member,http://confOf#Reviewing_event,0.0
http://ekaw#OC_Member,http://confOf#Working_event,0.0
http://ekaw#OC_Member,http://confOf#Workshop,0.0
http://ekaw#OC_Member,http://confOf#Chair_PC,0.0
http://ekaw#OC_Member,http://confOf#Tutorial,0.0
http://ekaw#OC_Member,http://confOf#Administrator,0.02127659574468085
http://ekaw#OC_Member,http://confOf#Camera_Ready_event,0.0
http://ekaw#OC_Member,http://confOf#Social_event,0.0
http://ekaw#OC_Member,http://confOf#Company,0.0
http://ekaw#OC_Member,http://confOf#Reception,0.0
http://ekaw#OC_Member,http://confOf#Conference,0.0
http://ekaw#OC_Member,http://confOf#Banquet,0.0
http://ekaw#OC_Member,http://confOf#Trip,0.0
http://ekaw#OC_Member,http://confOf#Registration_of_participants_event,0.0
http://ekaw#Event,http://confOf#Organization,0.0
http://ekaw#Event,http://confOf#Participant,0.0
http://ekaw#Event,http://confOf#Person,0.0
http://ekaw#Event,http://confOf#Author,0.0
http://ekaw#Event,http://confOf#University,0.0
http://ekaw#Event,http://confOf#Member_PC,0.0
http://ekaw#Event,http://confOf#Contribution,0.0
http://ekaw#Event,http://confOf#Paper,0.0
http://ekaw#Event,http://confOf#Topic,0.0
http://ekaw#Event,http://confOf#Poster,0.0
http://ekaw#Event,http://confOf#Scholar,0.0
http://ekaw#Event,http://confOf#Event,0.03389830508474576
http://ekaw#Event,http://confOf#Reviewing_results_event,0.0
http://ekaw#Event,http://confOf#Administrative_event,0.0
http://ekaw#Event,http://confOf#Submission_event,0.0
http://ekaw#Event,http://confOf#Reviewing_event,0.0
http://ekaw#Event,http://confOf#Working_event,0.09821428571428571
http://ekaw#Event,http://confOf#Workshop,0.08108108108108109
http://ekaw#Event,http://confOf#Chair_PC,0.0
http://ekaw#Event,http://confOf#Tutorial,0.08333333333333333
http://ekaw#Event,http://confOf#Administrator,0.0
http://ekaw#Event,http://confOf#Camera_Ready_event,0.0
http://ekaw#Event,http://confOf#Social_event,0.11538461538461539
http://ekaw#Event,http://confOf#Company,0.0
http://ekaw#Event,http://confOf#Reception,0.05555555555555555
http://ekaw#Event,http://confOf#Conference,0.05555555555555555
http://ekaw#Event,http://confOf#Banquet,0.05555555555555555
http://ekaw#Event,http://confOf#Trip,0.05555555555555555
http://ekaw#Event,http://confOf#Registration_of_participants_event,0.0
http://ekaw#Presenter,http://confOf#Organization,0.0
http://ekaw#Presenter,http://confOf#Participant,0.0276327909118821
http://ekaw#Presenter,http://confOf#Person,0.015625
http://ekaw#Presenter,http://confOf#Author,0.019773383692512775
http://ekaw#Presenter,http://confOf#University,0.0
http://ekaw#Presenter,http://confOf#Member_PC,0.030080213903743314
http://ekaw#Presenter,http://confOf#Contribution,0.0
http://ekaw#Presenter,http://confOf#Paper,0.0
http://ekaw#Presenter,http://confOf#Topic,0.0
http://ekaw#Presenter,http://confOf#Poster,0.0
http://ekaw#Presenter,http://confOf#Scholar,0.009481668773704172
http://ekaw#Presenter,http://confOf#Event,0.0
http://ekaw#Presenter,http://confOf#Reviewing_results_event,0.0
http://ekaw#Presenter,http://confOf#Administrative_event,0.0
http://ekaw#Presenter,http://confOf#Submission_event,0.0
http://ekaw#Presenter,http://confOf#Reviewing_event,0.0
http://ekaw#Presenter,http://confOf#Working_event,0.0
http://ekaw#Presenter,http://confOf#Workshop,0.0
http://ekaw#Presenter,http://confOf#Chair_PC,0.010638297872340425
http://ekaw#Presenter,http://confOf#Tutorial,0.0
http://ekaw#Presenter,http://confOf#Administrator,0.0
http://ekaw#Presenter,http://confOf#Camera_Ready_event,0.0
http://ekaw#Presenter,http://confOf#Social_event,0.0
http://ekaw#Presenter,http://confOf#Company,0.0
http://ekaw#Presenter,http://confOf#Reception,0.0
http://ekaw#Presenter,http://confOf#Conference,0.0
http://ekaw#Presenter,http://confOf#Banquet,0.0
http://ekaw#Presenter,http://confOf#Trip,0.0
http://ekaw#Presenter,http://confOf#Registration_of_participants_event,0.0
http://ekaw#Demo_Paper,http://confOf#Organization,0.0
http://ekaw#Demo_Paper,http://confOf#Participant,0.0
http://ekaw#Demo_Paper,http://confOf#Person,0.0
http://ekaw#Demo_Paper,http://confOf#Author,0.0
http://ekaw#Demo_Paper,http://confOf#University,0.0
http://ekaw#Demo_Paper,http://confOf#Member_PC,0.0
http://ekaw#Demo_Paper,http://confOf#Contribution,0.01495448634590377
http://ekaw#Demo_Paper,http://confOf#Paper,0.0
http://ekaw#Demo_Paper,http://confOf#Topic,0.0
http://ekaw#Demo_Paper,http://confOf#Poster,0.03727714748784441
http://ekaw#Demo_Paper,http://confOf#Scholar,0.0
http://ekaw#Demo_Paper,http://confOf#Event,0.0
http://ekaw#Demo_Paper,http://confOf#Reviewing_results_event,0.0
http://ekaw#Demo_Paper,http://confOf#Administrative_event,0.0
http://ekaw#Demo_Paper,http://confOf#Submission_event,0.0
http://ekaw#Demo_Paper,http://confOf#Reviewing_event,0.0
http://ekaw#Demo_Paper,http://confOf#Working_event,0.0
http://ekaw#Demo_Paper,http://confOf#Workshop,0.0
http://ekaw#Demo_Paper,http://confOf#Chair_PC,0.0
http://ekaw#Demo_Paper,http://confOf#Tutorial,0.0
http://ekaw#Demo_Paper,http://confOf#Administrator,0.0
http://ekaw#Demo_Paper,http://confOf#Camera_Ready_event,0.0
http://ekaw#Demo_Paper,http://confOf#Social_event,0.0
http://ekaw#Demo_Paper,http://confOf#Company,0.0
http://ekaw#Demo_Paper,http://confOf#Reception,0.0
http://ekaw#Demo_Paper,http://confOf#Conference,0.0
http://ekaw#Demo_Paper,http://confOf#Banquet,0.0
http://ekaw#Demo_Paper,http://confOf#Trip,0.0
http://ekaw#Demo_Paper,http://confOf#Registration_of_participants_event,0.0
http://ekaw#Invited_Talk_Abstract,http://confOf#Organization,0.0
http://ekaw#Invited_Talk_Abstract,http://confOf#Participant,0.0
http://ekaw#Invited_Talk_Abstract,http://confOf#Person,0.0
http://ekaw#Invited_Talk_Abstract,http://confOf#Author,0.0
http://ekaw#Invited_Talk_Abstract,http://confOf#University,0.0
http://ekaw#Invited_Talk_Abstract,http://confOf#Member_PC,0.0
http://ekaw#Invited_Talk_Abstract,http://confOf#Contribution,0.0
http://ekaw#Invited_Talk_Abstract,http://confOf#Paper,0.0
http://ekaw#Invited_Talk_Abstract,http://confOf#Topic,0.0
http://ekaw#Invited_Talk_Abstract,http://confOf#Poster,0.0
http://ekaw#Invited_Talk_Abstract,http://confOf#Scholar,0.0
http://ekaw#Invited_Talk_Abstract,http://confOf#Event,0.0
http://ekaw#Invited_Talk_Abstract,http://confOf#Reviewing_results_event,0.0
http://ekaw#Invited_Talk_Abstract,http://confOf#Administrative_event,0.0
http://ekaw#Invited_Talk_Abstract,http://confOf#Submission_event,0.0
http://ekaw#Invited_Talk_Abstract,http://confOf#Reviewing_event,0.0
http://ekaw#Invited_Talk_Abstract,http://confOf#Working_event,0.0
http://ekaw#Invited_Talk_Abstract,http://confOf#Workshop,0.0
http://ekaw#Invited_Talk_Abstract,http://confOf#Chair_PC,0.0
http://ekaw#Invited_Talk_Abstract,http://confOf#Tutorial,0.0
http://ekaw#Invited_Talk_Abstract,http://confOf#Administrator,0.0
http://ekaw#Invited_Talk_Abstract,http://confOf#Camera_Ready_event,0.0
http://ekaw#Invited_Talk_Abstract,http://confOf#Social_event,0.0
http://ekaw#Invited_Talk_Abstract,http://confOf#Company,0.0
http://ekaw#Invited_Talk_Abstract,http://confOf#Reception,0.0
http://ekaw#Invited_Talk_Abstract,http://confOf#Conference,0.0
http://ekaw#Invited_Talk_Abstract,http://confOf#Banquet,0.0
http://ekaw#Invited_Talk_Abstract,http://confOf#Trip,0.0
http://ekaw#Invited_Talk_Abstract,http://confOf#Registration_of_participants_event,0.0
http://ekaw#Workshop_Chair,http://confOf#Organization,0.0
http://ekaw#Workshop_Chair,http://confOf#Participant,0.00184218606079214
http://ekaw#Workshop_Chair,http://confOf#Person,0.0010416666666666667
http://ekaw#Workshop_Chair,http://confOf#Author,0.001110864252388358
http://ekaw#Workshop_Chair,http://confOf#University,0.0
http://ekaw#Workshop_Chair,http://confOf#Member_PC,0.0020632737276478678
http://ekaw#Workshop_Chair,http://confOf#Contribution,0.0
http://ekaw#Workshop_Chair,http://confOf#Paper,0.0
http://ekaw#Workshop_Chair,http://confOf#Topic,0.0
http://ekaw#Workshop_Chair,http://confOf#Poster,0.0
http://ekaw#Workshop_Chair,http://confOf#Scholar,0.001986754966887417
http://ekaw#Workshop_Chair,http://confOf#Event,0.0
http://ekaw#Workshop_Chair,http://confOf#Reviewing_results_event,0.0
http://ekaw#Workshop_Chair,http://confOf#Administrative_event,0.0
http://ekaw#Workshop_Chair,http://confOf#Submission_event,0.0
http://ekaw#Workshop_Chair,http://confOf#Reviewing_event,0.0
http://ekaw#Workshop_Chair,http://confOf#Working_event,0.0
http://ekaw#Workshop_Chair,http://confOf#Workshop,0.0
http://ekaw#Workshop_Chair,http://confOf#Chair_PC,0.0
http://ekaw#Workshop_Chair,http://confOf#Tutorial,0.0
http://ekaw#Workshop_Chair,http://confOf#Administrator,0.0
http://ekaw#Workshop_Chair,http://confOf#Camera_Ready_event,0.0
http://ekaw#Workshop_Chair,http://confOf#Social_event,0.0
http://ekaw#Workshop_Chair,http://confOf#Company,0.0
http://ekaw#Workshop_Chair,http://confOf#Reception,0.0
http://ekaw#Workshop_Chair,http://confOf#Conference,0.0
http://ekaw#Workshop_Chair,http://confOf#Banquet,0.0
http://ekaw#Workshop_Chair,http://confOf#Trip,0.0
http://ekaw#Workshop_Chair,http://confOf#Registration_of_participants_event,0.0
http://ekaw#Late-Registered_Participant,http://confOf#Organization,0.0
http://ekaw#Late-Registered_Participant,http://confOf#Participant,0.00276327909118821
http://ekaw#Late-Registered_Participant,http://confOf#Person,0.0015625
http://ekaw#Late-Registered_Participant,http://confOf#Author,0.0015548645046645935
http://ekaw#Late-Registered_Participant,http://confOf#University,0.0
http://ekaw#Late-Registered_Participant,http://confOf#Member_PC,0.002059025394646534
http://ekaw#Late-Registered_Participant,http://confOf#Contribution,0.0
http://ekaw#Late-Registered_Participant,http://confOf#Paper,0.0
http://ekaw#Late-Registered_Participant,http://confOf#Topic,0.0
http://ekaw#Late-Registered_Participant,http://confOf#Poster,0.0
http://ekaw#Late-Registered_Participant,http://confOf#Scholar,0.0026455026455026454
http://ekaw#Late-Registered_Participant,http://confOf#Event,0.0
http://ekaw#Late-Registered_Participant,http://confOf#Reviewing_results_event,0.0
http://ekaw#Late-Registered_Participant,http://confOf#Administrative_event,0.0
http://ekaw#Late-Registered_Participant,http://confOf#Submission_event,0.0
http://ekaw#Late-Registered_Participant,http://confOf#Reviewing_event,0.0
http://ekaw#Late-Registered_Participant,http://confOf#Working_event,0.0
http://ekaw#Late-Registered_Participant,http://confOf#Workshop,0.0
http://ekaw#Late-Registered_Participant,http://confOf#Chair_PC,0.0
http://ekaw#Late-Registered_Participant,http://confOf#Tutorial,0.0
http://ekaw#Late-Registered_Participant,http://confOf#Administrator,0.0
http://ekaw#Late-Registered_Participant,http://confOf#Camera_Ready_event,0.0
http://ekaw#Late-Registered_Participant,http://confOf#Social_event,0.0
http://ekaw#Late-Registered_Participant,http://confOf#Company,0.0
http://ekaw#Late-Registered_Participant,http://confOf#Reception,0.0
http://ekaw#Late-Registered_Participant,http://confOf#Conference,0.0
http://ekaw#Late-Registered_Participant,http://confOf#Banquet,0.0
http://ekaw#Late-Registered_Participant,http://confOf#Trip,0.0
http://ekaw#Late-Registered_Participant,http://confOf#Registration_of_participants_event,0.0
http://ekaw#Tutorial_Chair,http://confOf#Organization,0.0
http://ekaw#Tutorial_Chair,http://confOf#Participant,0.0012281240405280934
http://ekaw#Tutorial_Chair,http://confOf#Person,0.0006944444444444445
http://ekaw#Tutorial_Chair,http://confOf#Author,0.0006665185514330149
http://ekaw#Tutorial_Chair,http://confOf#University,0.0
http://ekaw#Tutorial_Chair,http://confOf#Member_PC,0.000687757909215956
http://ekaw#Tutorial_Chair,http://confOf#Contribution,0.0
http://ekaw#Tutorial_Chair,http://confOf#Paper,0.0
http://ekaw#Tutorial_Chair,http://confOf#Topic,0.0
http://ekaw#Tutorial_Chair,http://confOf#Poster,0.0
http://ekaw#Tutorial_Chair,http://confOf#Scholar,0.0006622516556291391
http://ekaw#Tutorial_Chair,http://confOf#Event,0.0
http://ekaw#Tutorial_Chair,http://confOf#Reviewing_results_event,0.0
http://ekaw#Tutorial_Chair,http://confOf#Administrative_event,0.0
http://ekaw#Tutorial_Chair,http://confOf#Submission_event,0.0
http://ekaw#Tutorial_Chair,http://confOf#Reviewing_event,0.0
http://ekaw#Tutorial_Chair,http://confOf#Working_event,0.0
http://ekaw#Tutorial_Chair,http://confOf#Workshop,0.0
http://ekaw#Tutorial_Chair,http://confOf#Chair_PC,0.0
http://ekaw#Tutorial_Chair,http://confOf#Tutorial,0.0
http://ekaw#Tutorial_Chair,http://confOf#Administrator,0.0
http://ekaw#Tutorial_Chair,http://confOf#Camera_Ready_event,0.0
http://ekaw#Tutorial_Chair,http://confOf#Social_event,0.0
http://ekaw#Tutorial_Chair,http://confOf#Company,0.0
http://ekaw#Tutorial_Chair,http://confOf#Reception,0.0
http://ekaw#Tutorial_Chair,http://confOf#Conference,0.0
http://ekaw#Tutorial_Chair,http://confOf#Banquet,0.0
http://ekaw#Tutorial_Chair,http://confOf#Trip,0.0
http://ekaw#Tutorial_Chair,http://confOf#Registration_of_participants_event,0.0
http://ekaw#Invited_Speaker,http://confOf#Organization,0.0
http://ekaw#Invited_Speaker,http://confOf#Participant,0.0012281240405280934
http://ekaw#Invited_Speaker,http://confOf#Person,0.0006944444444444445
http://ekaw#Invited_Speaker,http://confOf#Author,0.0006665185514330149
http://ekaw#Invited_Speaker,http://confOf#University,0.0
http://ekaw#Invited_Speaker,http://confOf#Member_PC,0.002066115702479339
http://ekaw#Invited_Speaker,http://confOf#Contribution,0.0
http://ekaw#Invited_Speaker,http://confOf#Paper,0.0
http://ekaw#Invited_Speaker,http://confOf#Topic,0.0
http://ekaw#Invited_Speaker,http://confOf#Poster,0.0
http://ekaw#Invited_Speaker,http://confOf#Scholar,0.0006622516556291391
http://ekaw#Invited_Speaker,http://confOf#Event,0.0
http://ekaw#Invited_Speaker,http://confOf#Reviewing_results_event,0.0
http://ekaw#Invited_Speaker,http://confOf#Administrative_event,0.0
http://ekaw#Invited_Speaker,http://confOf#Submission_event,0.0
http://ekaw#Invited_Speaker,http://confOf#Reviewing_event,0.0
http://ekaw#Invited_Speaker,http://confOf#Working_event,0.0
http://ekaw#Invited_Speaker,http://confOf#Workshop,0.0
http://ekaw#Invited_Speaker,http://confOf#Chair_PC,0.125
http://ekaw#Invited_Speaker,http://confOf#Tutorial,0.0
http://ekaw#Invited_Speaker,http://confOf#Administrator,0.0
http://ekaw#Invited_Speaker,http://confOf#Camera_Ready_event,0.0
http://ekaw#Invited_Speaker,http://confOf#Social_event,0.0
http://ekaw#Invited_Speaker,http://confOf#Company,0.0
http://ekaw#Invited_Speaker,http://confOf#Reception,0.0
http://ekaw#Invited_Speaker,http://confOf#Conference,0.0
http://ekaw#Invited_Speaker,http://confOf#Banquet,0.0
http://ekaw#Invited_Speaker,http://confOf#Trip,0.0
http://ekaw#Invited_Speaker,http://confOf#Registration_of_participants_event,0.0
http://ekaw#Tutorial_Abstract,http://confOf#Organization,0.0
http://ekaw#Tutorial_Abstract,http://confOf#Participant,0.0
http://ekaw#Tutorial_Abstract,http://confOf#Person,0.0
http://ekaw#Tutorial_Abstract,http://confOf#Author,0.0
http://ekaw#Tutorial_Abstract,http://confOf#University,0.0
http://ekaw#Tutorial_Abstract,http://confOf#Member_PC,0.0
http://ekaw#Tutorial_Abstract,http://confOf#Contribution,0.0
http://ekaw#Tutorial_Abstract,http://confOf#Paper,0.0
http://ekaw#Tutorial_Abstract,http://confOf#Topic,0.0
http://ekaw#Tutorial_Abstract,http://confOf#Poster,0.0
http://ekaw#Tutorial_Abstract,http://confOf#Scholar,0.0
http://ekaw#Tutorial_Abstract,http://confOf#Event,0.0
http://ekaw#Tutorial_Abstract,http://confOf#Reviewing_results_event,0.0
http://ekaw#Tutorial_Abstract,http://confOf#Administrative_event,0.0
http://ekaw#Tutorial_Abstract,http://confOf#Submission_event,0.0
http://ekaw#Tutorial_Abstract,http://confOf#Reviewing_event,0.0
http://ekaw#Tutorial_Abstract,http://confOf#Working_event,0.0
http://ekaw#Tutorial_Abstract,http://confOf#Workshop,0.0
http://ekaw#Tutorial_Abstract,http://confOf#Chair_PC,0.0
http://ekaw#Tutorial_Abstract,http://confOf#Tutorial,0.0
http://ekaw#Tutorial_Abstract,http://confOf#Administrator,0.0
http://ekaw#Tutorial_Abstract,http://confOf#Camera_Ready_event,0.0
http://ekaw#Tutorial_Abstract,http://confOf#Social_event,0.0
http://ekaw#Tutorial_Abstract,http://confOf#Company,0.0
http://ekaw#Tutorial_Abstract,http://confOf#Reception,0.0
http://ekaw#Tutorial_Abstract,http://confOf#Conference,0.0
http://ekaw#Tutorial_Abstract,http://confOf#Banquet,0.0
http://ekaw#Tutorial_Abstract,http://confOf#Trip,0.0
http://ekaw#Tutorial_Abstract,http://confOf#Registration_of_participants_event,0.0
http://ekaw#SC_Member,http://confOf#Organization,0.0
http://ekaw#SC_Member,http://confOf#Participant,0.005198776758409786
http://ekaw#SC_Member,http://confOf#Person,0.005208333333333333
http://ekaw#SC_Member,http://confOf#Author,0.0042119264021281315
http://ekaw#SC_Member,http://confOf#University,0.0
http://ekaw#SC_Member,http://confOf#Member_PC,0.004067796610169492
http://ekaw#SC_Member,http://confOf#Contribution,0.0
http://ekaw#SC_Member,http://confOf#Paper,0.0
http://ekaw#SC_Member,http://confOf#Topic,0.0
http://ekaw#SC_Member,http://confOf#Poster,0.0
http://ekaw#SC_Member,http://confOf#Scholar,0.0
http://ekaw#SC_Member,http://confOf#Event,0.0
http://ekaw#SC_Member,http://confOf#Reviewing_results_event,0.0
http://ekaw#SC_Member,http://confOf#Administrative_event,0.0
http://ekaw#SC_Member,http://confOf#Submission_event,0.0
http://ekaw#SC_Member,http://confOf#Reviewing_event,0.0
http://ekaw#SC_Member,http://confOf#Working_event,0.0
http://ekaw#SC_Member,http://confOf#Workshop,0.0
http://ekaw#SC_Member,http://confOf#Chair_PC,0.0
http://ekaw#SC_Member,http://confOf#Tutorial,0.0
http://ekaw#SC_Member,http://confOf#Administrator,0.0
http://ekaw#SC_Member,http://confOf#Camera_Ready_event,0.0
http://ekaw#SC_Member,http://confOf#Social_event,0.0
http://ekaw#SC_Member,http://confOf#Company,0.0
http://ekaw#SC_Member,http://confOf#Reception,0.0
http://ekaw#SC_Member,http://confOf#Conference,0.0
http://ekaw#SC_Member,http://confOf#Banquet,0.0
http://ekaw#SC_Member,http://confOf#Trip,0.0
http://ekaw#SC_Member,http://confOf#Registration_of_participants_event,0.0
http://ekaw#Workshop,http://confOf#Organization,0.0
http://ekaw#Workshop,http://confOf#Participant,0.0
http://ekaw#Workshop,http://confOf#Person,0.0
http://ekaw#Workshop,http://confOf#Author,0.0
http://ekaw#Workshop,http://confOf#University,0.0
http://ekaw#Workshop,http://confOf#Member_PC,0.0
http://ekaw#Workshop,http://confOf#Contribution,0.0
http://ekaw#Workshop,http://confOf#Paper,0.0
http://ekaw#Workshop,http://confOf#Topic,0.0
http://ekaw#Workshop,http://confOf#Poster,0.0
http://ekaw#Workshop,http://confOf#Scholar,0.0
http://ekaw#Workshop,http://confOf#Event,0.014527845036319613
http://ekaw#Workshop,http://confOf#Reviewing_results_event,0.0
http://ekaw#Workshop,http://confOf#Administrative_event,0.0
http://ekaw#Workshop,http://confOf#Submission_event,0.0
http://ekaw#Workshop,http://confOf#Reviewing_event,0.0
http://ekaw#Workshop,http://confOf#Working_event,0.05504587155963303
http://ekaw#Workshop,http://confOf#Workshop,0.09090909090909091
http://ekaw#Workshop,http://confOf#Chair_PC,0.0
http://ekaw#Workshop,http://confOf#Tutorial,0.0
http://ekaw#Workshop,http://confOf#Administrator,0.0
http://ekaw#Workshop,http://confOf#Camera_Ready_event,0.0
http://ekaw#Workshop,http://confOf#Social_event,0.0
http://ekaw#Workshop,http://confOf#Company,0.0
http://ekaw#Workshop,http://confOf#Reception,0.0
http://ekaw#Workshop,http://confOf#Conference,0.0
http://ekaw#Workshop,http://confOf#Banquet,0.0
http://ekaw#Workshop,http://confOf#Trip,0.0
http://ekaw#Workshop,http://confOf#Registration_of_participants_event,0.0
http://ekaw#Tutorial,http://confOf#Organization,0.0
http://ekaw#Tutorial,http://confOf#Participant,0.0
http://ekaw#Tutorial,http://confOf#Person,0.0
http://ekaw#Tutorial,http://confOf#Author,0.0
http://ekaw#Tutorial,http://confOf#University,0.0
http://ekaw#Tutorial,http://confOf#Member_PC,0.0
http://ekaw#Tutorial,http://confOf#Contribution,0.0
http://ekaw#Tutorial,http://confOf#Paper,0.0
http://ekaw#Tutorial,http://confOf#Topic,0.0
http://ekaw#Tutorial,http://confOf#Poster,0.0
http://ekaw#Tutorial,http://confOf#Scholar,0.0
http://ekaw#Tutorial,http://confOf#Event,0.009685230024213076
http://ekaw#Tutorial,http://confOf#Reviewing_results_event,0.0
http://ekaw#Tutorial,http://confOf#Administrative_event,0.0
http://ekaw#Tutorial,http://confOf#Submission_event,0.0
http://ekaw#Tutorial,http://confOf#Reviewing_event,0.0
http://ekaw#Tutorial,http://confOf#Working_event,0.03669724770642202
http://ekaw#Tutorial,http://confOf#Workshop,0.0
http://ekaw#Tutorial,http://confOf#Chair_PC,0.0
http://ekaw#Tutorial,http://confOf#Tutorial,0.10526315789473684
http://ekaw#Tutorial,http://confOf#Administrator,0.0
http://ekaw#Tutorial,http://confOf#Camera_Ready_event,0.0
http://ekaw#Tutorial,http://confOf#Social_event,0.0
http://ekaw#Tutorial,http://confOf#Company,0.0
http://ekaw#Tutorial,http://confOf#Reception,0.0
http://ekaw#Tutorial,http://confOf#Conference,0.0
http://ekaw#Tutorial,http://confOf#Banquet,0.0
http://ekaw#Tutorial,http://confOf#Trip,0.0
http://ekaw#Tutorial,http://confOf#Registration_of_participants_event,0.0
http://ekaw#Abstract,http://confOf#Organization,0.0
http://ekaw#Abstract,http://confOf#Participant,0.0
http://ekaw#Abstract,http://confOf#Person,0.0
http://ekaw#Abstract,http://confOf#Author,0.0
http://ekaw#Abstract,http://confOf#University,0.0
http://ekaw#Abstract,http://confOf#Member_PC,0.0
http://ekaw#Abstract,http://confOf#Contribution,0.0
http://ekaw#Abstract,http://confOf#Paper,0.0
http://ekaw#Abstract,http://confOf#Topic,0.0
http://ekaw#Abstract,http://confOf#Poster,0.0
http://ekaw#Abstract,http://confOf#Scholar,0.0
http://ekaw#Abstract,http://confOf#Event,0.0
http://ekaw#Abstract,http://confOf#Reviewing_results_event,0.0
http://ekaw#Abstract,http://confOf#Administrative_event,0.0
http://ekaw#Abstract,http://confOf#Submission_event,0.0
http://ekaw#Abstract,http://confOf#Reviewing_event,0.0
http://ekaw#Abstract,http://confOf#Working_event,0.0
http://ekaw#Abstract,http://confOf#Workshop,0.0
http://ekaw#Abstract,http://confOf#Chair_PC,0.0
http://ekaw#Abstract,http://confOf#Tutorial,0.0
http://ekaw#Abstract,http://confOf#Administrator,0.0
http://ekaw#Abstract,http://confOf#Camera_Ready_event,0.0
http://ekaw#Abstract,http://confOf#Social_event,0.0
http://ekaw#Abstract,http://confOf#Company,0.0
http://ekaw#Abstract,http://confOf#Reception,0.0
http://ekaw#Abstract,http://confOf#Conference,0.0
http://ekaw#Abstract,http://confOf#Banquet,0.0
http://ekaw#Abstract,http://confOf#Trip,0.0
http://ekaw#Abstract,http://confOf#Registration_of_participants_event,0.0
http://ekaw#PC_Chair,http://confOf#Organization,0.0
http://ekaw#PC_Chair,http://confOf#Participant,0.00030703101013202335
http://ekaw#PC_Chair,http://confOf#Person,0.00017361111111111112
http://ekaw#PC_Chair,http://confOf#Author,0.00022222222222222223
http://ekaw#PC_Chair,http://confOf#University,0.0
http://ekaw#PC_Chair,http://confOf#Member_PC,0.0006891798759476223
http://ekaw#PC_Chair,http://confOf#Contribution,0.0
http://ekaw#PC_Chair,http://confOf#Paper,0.0
http://ekaw#PC_Chair,http://confOf#Topic,0.0
http://ekaw#PC_Chair,http://confOf#Poster,0.0
http://ekaw#PC_Chair,http://confOf#Scholar,0.0
http://ekaw#PC_Chair,http://confOf#Event,0.0
http://ekaw#PC_Chair,http://confOf#Reviewing_results_event,0.0
http://ekaw#PC_Chair,http://confOf#Administrative_event,0.0
http://ekaw#PC_Chair,http://confOf#Submission_event,0.0
http://ekaw#PC_Chair,http://confOf#Reviewing_event,0.0
http://ekaw#PC_Chair,http://confOf#Working_event,0.0
http://ekaw#PC_Chair,http://confOf#Workshop,0.0
http://ekaw#PC_Chair,http://confOf#Chair_PC,0.2
http://ekaw#PC_Chair,http://confOf#Tutorial,0.0
http://ekaw#PC_Chair,http://confOf#Administrator,0.0
http://ekaw#PC_Chair,http://confOf#Camera_Ready_event,0.0
http://ekaw#PC_Chair,http://confOf#Social_event,0.0
http://ekaw#PC_Chair,http://confOf#Company,0.0
http://ekaw#PC_Chair,http://confOf#Reception,0.0
http://ekaw#PC_Chair,http://confOf#Conference,0.0
http://ekaw#PC_Chair,http://confOf#Banquet,0.0
http://ekaw#PC_Chair,http://confOf#Trip,0.0
http://ekaw#PC_Chair,http://confOf#Registration_of_participants_event,0.0
http://ekaw#Proceedings_Publisher,http://confOf#Organization,0.0
http://ekaw#Proceedings_Publisher,http://confOf#Participant,0.0
http://ekaw#Proceedings_Publisher,http://confOf#Person,0.0
http://ekaw#Proceedings_Publisher,http://confOf#Author,0.0
http://ekaw#Proceedings_Publisher,http://confOf#University,0.0
http://ekaw#Proceedings_Publisher,http://confOf#Member_PC,0.0
http://ekaw#Proceedings_Publisher,http://confOf#Contribution,0.0
http://ekaw#Proceedings_Publisher,http://confOf#Paper,0.0
http://ekaw#Proceedings_Publisher,http://confOf#Topic,0.0
http://ekaw#Proceedings_Publisher,http://confOf#Poster,0.0
http://ekaw#Proceedings_Publisher,http://confOf#Scholar,0.0
http://ekaw#Proceedings_Publisher,http://confOf#Event,0.0
http://ekaw#Proceedings_Publisher,http://confOf#Reviewing_results_event,0.0
http://ekaw#Proceedings_Publisher,http://confOf#Administrative_event,0.0
http://ekaw#Proceedings_Publisher,http://confOf#Submission_event,0.0
http://ekaw#Proceedings_Publisher,http://confOf#Reviewing_event,0.0
http://ekaw#Proceedings_Publisher,http://confOf#Working_event,0.0
http://ekaw#Proceedings_Publisher,http://confOf#Workshop,0.0
http://ekaw#Proceedings_Publisher,http://confOf#Chair_PC,0.0
http://ekaw#Proceedings_Publisher,http://confOf#Tutorial,0.0
http://ekaw#Proceedings_Publisher,http://confOf#Administrator,0.0
http://ekaw#Proceedings_Publisher,http://confOf#Camera_Ready_event,0.0
http://ekaw#Proceedings_Publisher,http://confOf#Social_event,0.0
http://ekaw#Proceedings_Publisher,http://confOf#Company,0.0
http://ekaw#Proceedings_Publisher,http://confOf#Reception,0.0
http://ekaw#Proceedings_Publisher,http://confOf#Conference,0.0
http://ekaw#Proceedings_Publisher,http://confOf#Banquet,0.0
http://ekaw#Proceedings_Publisher,http://confOf#Trip,0.0
http://ekaw#Proceedings_Publisher,http://confOf#Registration_of_participants_event,0.0
http://ekaw#Social_Event,http://confOf#Organization,0.0
http://ekaw#Social_Event,http://confOf#Participant,0.0
http://ekaw#Social_Event,http://confOf#Person,0.0
http://ekaw#Social_Event,http://confOf#Author,0.0
http://ekaw#Social_Event,http://confOf#University,0.0
http://ekaw#Social_Event,http://confOf#Member_PC,0.0
http://ekaw#Social_Event,http://confOf#Contribution,0.0
http://ekaw#Social_Event,http://confOf#Paper,0.0
http://ekaw#Social_Event,http://confOf#Topic,0.0
http://ekaw#Social_Event,http://confOf#Poster,0.0
http://ekaw#Social_Event,http://confOf#Scholar,0.0
http://ekaw#Social_Event,http://confOf#Event,0.007263922518159807
http://ekaw#Social_Event,http://confOf#Reviewing_results_event,0.0
http://ekaw#Social_Event,http://confOf#Administrative_event,0.0
http://ekaw#Social_Event,http://confOf#Submission_event,0.0
http://ekaw#Social_Event,http://confOf#Reviewing_event,0.0
http://ekaw#Social_Event,http://confOf#Working_event,0.0
http://ekaw#Social_Event,http://confOf#Workshop,0.0
http://ekaw#Social_Event,http://confOf#Chair_PC,0.0
http://ekaw#Social_Event,http://confOf#Tutorial,0.0
http://ekaw#Social_Event,http://confOf#Administrator,0.0
http://ekaw#Social_Event,http://confOf#Camera_Ready_event,0.0
http://ekaw#Social_Event,http://confOf#Social_event,0.2
http://ekaw#Social_Event,http://confOf#Company,0.0
http://ekaw#Social_Event,http://confOf#Reception,0.14285714285714285
http://ekaw#Social_Event,http://confOf#Conference,0.0
http://ekaw#Social_Event,http://confOf#Banquet,0.14285714285714285
http://ekaw#Social_Event,http://confOf#Trip,0.14285714285714285
http://ekaw#Social_Event,http://confOf#Registration_of_participants_event,0.0
http://ekaw#Conference_Trip,http://confOf#Organization,0.0
http://ekaw#Conference_Trip,http://confOf#Participant,0.0
http://ekaw#Conference_Trip,http://confOf#Person,0.0
http://ekaw#Conference_Trip,http://confOf#Author,0.0
http://ekaw#Conference_Trip,http://confOf#University,0.0
http://ekaw#Conference_Trip,http://confOf#Member_PC,0.0
http://ekaw#Conference_Trip,http://confOf#Contribution,0.0
http://ekaw#Conference_Trip,http://confOf#Paper,0.0
http://ekaw#Conference_Trip,http://confOf#Topic,0.0
http://ekaw#Conference_Trip,http://confOf#Poster,0.0
http://ekaw#Conference_Trip,http://confOf#Scholar,0.0
http://ekaw#Conference_Trip,http://confOf#Event,0.002421307506053269
http://ekaw#Conference_Trip,http://confOf#Reviewing_results_event,0.0
http://ekaw#Conference_Trip,http://confOf#Administrative_event,0.0
http://ekaw#Conference_Trip,http://confOf#Submission_event,0.0
http://ekaw#Conference_Trip,http://confOf#Reviewing_event,0.0
http://ekaw#Conference_Trip,http://confOf#Working_event,0.0
http://ekaw#Conference_Trip,http://confOf#Workshop,0.0
http://ekaw#Conference_Trip,http://confOf#Chair_PC,0.0
http://ekaw#Conference_Trip,http://confOf#Tutorial,0.0
http://ekaw#Conference_Trip,http://confOf#Administrator,0.0
http://ekaw#Conference_Trip,http://confOf#Camera_Ready_event,0.0
http://ekaw#Conference_Trip,http://confOf#Social_event,0.06666666666666667
http://ekaw#Conference_Trip,http://confOf#Company,0.0
http://ekaw#Conference_Trip,http://confOf#Reception,0.0
http://ekaw#Conference_Trip,http://confOf#Conference,0.0
http://ekaw#Conference_Trip,http://confOf#Banquet,0.0
http://ekaw#Conference_Trip,http://confOf#Trip,0.2
http://ekaw#Conference_Trip,http://confOf#Registration_of_participants_event,0.0
http://ekaw#Invited_Talk,http://confOf#Organization,0.0
http://ekaw#Invited_Talk,http://confOf#Participant,0.0
http://ekaw#Invited_Talk,http://confOf#Person,0.0
http://ekaw#Invited_Talk,http://confOf#Author,0.0
http://ekaw#Invited_Talk,http://confOf#University,0.0
http://ekaw#Invited_Talk,http://confOf#Member_PC,0.0
http://ekaw#Invited_Talk,http://confOf#Contribution,0.0
http://ekaw#Invited_Talk,http://confOf#Paper,0.0
http://ekaw#Invited_Talk,http://confOf#Topic,0.0
http://ekaw#Invited_Talk,http://confOf#Poster,0.0
http://ekaw#Invited_Talk,http://confOf#Scholar,0.0
http://ekaw#Invited_Talk,http://confOf#Event,0.0
http://ekaw#Invited_Talk,http://confOf#Reviewing_results_event,0.0
http://ekaw#Invited_Talk,http://confOf#Administrative_event,0.0
http://ekaw#Invited_Talk,http://confOf#Submission_event,0.0
http://ekaw#Invited_Talk,http://confOf#Reviewing_event,0.0
http://ekaw#Invited_Talk,http://confOf#Working_event,0.0
http://ekaw#Invited_Talk,http://confOf#Workshop,0.0
http://ekaw#Invited_Talk,http://confOf#Chair_PC,0.0
http://ekaw#Invited_Talk,http://confOf#Tutorial,0.0
http://ekaw#Invited_Talk,http://confOf#Administrator,0.0
http://ekaw#Invited_Talk,http://confOf#Camera_Ready_event,0.0
http://ekaw#Invited_Talk,http://confOf#Social_event,0.0
http://ekaw#Invited_Talk,http://confOf#Company,0.0
http://ekaw#Invited_Talk,http://confOf#Reception,0.0
http://ekaw#Invited_Talk,http://confOf#Conference,0.0
http://ekaw#Invited_Talk,http://confOf#Banquet,0.0
http://ekaw#Invited_Talk,http://confOf#Trip,0.0
http://ekaw#Invited_Talk,http://confOf#Registration_of_participants_event,0.0
http://ekaw#Location,http://confOf#Organization,0.0
http://ekaw#Location,http://confOf#Participant,0.0
http://ekaw#Location,http://confOf#Person,0.0
http://ekaw#Location,http://confOf#Author,0.0
http://ekaw#Location,http://confOf#University,0.0
http://ekaw#Location,http://confOf#Member_PC,0.0
http://ekaw#Location,http://confOf#Contribution,0.0
http://ekaw#Location,http://confOf#Paper,0.0
http://ekaw#Location,http://confOf#Topic,0.0
http://ekaw#Location,http://confOf#Poster,0.0
http://ekaw#Location,http://confOf#Scholar,0.0
http://ekaw#Location,http://confOf#Event,0.0
http://ekaw#Location,http://confOf#Reviewing_results_event,0.0
http://ekaw#Location,http://confOf#Administrative_event,0.0
http://ekaw#Location,http://confOf#Submission_event,0.0
http://ekaw#Location,http://confOf#Reviewing_event,0.0
http://ekaw#Location,http://confOf#Working_event,0.0
http://ekaw#Location,http://confOf#Workshop,0.0
http://ekaw#Location,http://confOf#Chair_PC,0.0
http://ekaw#Location,http://confOf#Tutorial,0.0
http://ekaw#Location,http://confOf#Administrator,0.0
http://ekaw#Location,http://confOf#Camera_Ready_event,0.0
http://ekaw#Location,http://confOf#Social_event,0.0
http://ekaw#Location,http://confOf#Company,0.0
http://ekaw#Location,http://confOf#Reception,0.0
http://ekaw#Location,http://confOf#Conference,0.0
http://ekaw#Location,http://confOf#Banquet,0.0
http://ekaw#Location,http://confOf#Trip,0.0
http://ekaw#Location,http://confOf#Registration_of_participants_event,0.0
http://ekaw#OC_Chair,http://confOf#Organization,0.0
http://ekaw#OC_Chair,http://confOf#Participant,0.00030703101013202335
http://ekaw#OC_Chair,http://confOf#Person,0.00017361111111111112
http://ekaw#OC_Chair,http://confOf#Author,0.00022222222222222223
http://ekaw#OC_Chair,http://confOf#University,0.0
http://ekaw#OC_Chair,http://confOf#Member_PC,0.0006891798759476223
http://ekaw#OC_Chair,http://confOf#Contribution,0.0
http://ekaw#OC_Chair,http://confOf#Paper,0.0
http://ekaw#OC_Chair,http://confOf#Topic,0.0
http://ekaw#OC_Chair,http://confOf#Poster,0.0
http://ekaw#OC_Chair,http://confOf#Scholar,0.0
http://ekaw#OC_Chair,http://confOf#Event,0.0
http://ekaw#OC_Chair,http://confOf#Reviewing_results_event,0.0
http://ekaw#OC_Chair,http://confOf#Administrative_event,0.0
http://ekaw#OC_Chair,http://confOf#Submission_event,0.0
http://ekaw#OC_Chair,http://confOf#Reviewing_event,0.0
http://ekaw#OC_Chair,http://confOf#Working_event,0.0
http://ekaw#OC_Chair,http://confOf#Workshop,0.0
http://ekaw#OC_Chair,http://confOf#Chair_PC,0.0
http://ekaw#OC_Chair,http://confOf#Tutorial,0.0
http://ekaw#OC_Chair,http://confOf#Administrator,0.0
http://ekaw#OC_Chair,http://confOf#Camera_Ready_event,0.0
http://ekaw#OC_Chair,http://confOf#Social_event,0.0
http://ekaw#OC_Chair,http://confOf#Company,0.0
http://ekaw#OC_Chair,http://confOf#Reception,0.0
http://ekaw#OC_Chair,http://confOf#Conference,0.0
http://ekaw#OC_Chair,http://confOf#Banquet,0.0
http://ekaw#OC_Chair,http://confOf#Trip,0.0
http://ekaw#OC_Chair,http://confOf#Registration_of_participants_event,0.0
http://ekaw#Track,http://confOf#Organization,0.0
http://ekaw#Track,http://confOf#Participant,0.0
http://ekaw#Track,http://confOf#Person,0.0
http://ekaw#Track,http://confOf#Author,0.0
http://ekaw#Track,http://confOf#University,0.0
http://ekaw#Track,http://confOf#Member_PC,0.0
http://ekaw#Track,http://confOf#Contribution,0.0
http://ekaw#Track,http://confOf#Paper,0.0
http://ekaw#Track,http://confOf#Topic,0.0
http://ekaw#Track,http://confOf#Poster,0.0
http://ekaw#Track,http://confOf#Scholar,0.0
http://ekaw#Track,http://confOf#Event,0.0
http://ekaw#Track,http://confOf#Reviewing_results_event,0.0
http://ekaw#Track,http://confOf#Administrative_event,0.0
http://ekaw#Track,http://confOf#Submission_event,0.0
http://ekaw#Track,http://confOf#Reviewing_event,0.0
http://ekaw#Track,http://confOf#Working_event,0.0
http://ekaw#Track,http://confOf#Workshop,0.0
http://ekaw#Track,http://confOf#Chair_PC,0.0
http://ekaw#Track,http://confOf#Tutorial,0.0
http://ekaw#Track,http://confOf#Administrator,0.0
http://ekaw#Track,http://confOf#Camera_Ready_event,0.0
http://ekaw#Track,http://confOf#Social_event,0.0
http://ekaw#Track,http://confOf#Company,0.0
http://ekaw#Track,http://confOf#Reception,0.0
http://ekaw#Track,http://confOf#Conference,0.0
http://ekaw#Track,http://confOf#Banquet,0.0
http://ekaw#Track,http://confOf#Trip,0.0
http://ekaw#Track,http://confOf#Registration_of_participants_event,0.0
http://ekaw#Proceedings,http://confOf#Organization,0.0
http://ekaw#Proceedings,http://confOf#Participant,0.0
http://ekaw#Proceedings,http://confOf#Person,0.0
http://ekaw#Proceedings,http://confOf#Author,0.0
http://ekaw#Proceedings,http://confOf#University,0.0
http://ekaw#Proceedings,http://confOf#Member_PC,0.0
http://ekaw#Proceedings,http://confOf#Contribution,0.0
http://ekaw#Proceedings,http://confOf#Paper,0.0
http://ekaw#Proceedings,http://confOf#Topic,0.0
http://ekaw#Proceedings,http://confOf#Poster,0.0
http://ekaw#Proceedings,http://confOf#Scholar,0.0
http://ekaw#Proceedings,http://confOf#Event,0.0
http://ekaw#Proceedings,http://confOf#Reviewing_results_event,0.0
http://ekaw#Proceedings,http://confOf#Administrative_event,0.0
http://ekaw#Proceedings,http://confOf#Submission_event,0.0
http://ekaw#Proceedings,http://confOf#Reviewing_event,0.0
http://ekaw#Proceedings,http://confOf#Working_event,0.0
http://ekaw#Proceedings,http://confOf#Workshop,0.0
http://ekaw#Proceedings,http://confOf#Chair_PC,0.0
http://ekaw#Proceedings,http://confOf#Tutorial,0.0
http://ekaw#Proceedings,http://confOf#Administrator,0.0
http://ekaw#Proceedings,http://confOf#Camera_Ready_event,0.0
http://ekaw#Proceedings,http://confOf#Social_event,0.0
http://ekaw#Proceedings,http://confOf#Company,0.0
http://ekaw#Proceedings,http://confOf#Reception,0.0
http://ekaw#Proceedings,http://confOf#Conference,0.0
http://ekaw#Proceedings,http://confOf#Banquet,0.0
http://ekaw#Proceedings,http://confOf#Trip,0.0
http://ekaw#Proceedings,http://confOf#Registration_of_participants_event,0.0
http://ekaw#Web_Site,http://confOf#Organization,0.0
http://ekaw#Web_Site,http://confOf#Participant,0.0
http://ekaw#Web_Site,http://confOf#Person,0.0
http://ekaw#Web_Site,http://confOf#Author,0.0
http://ekaw#Web_Site,http://confOf#University,0.0
http://ekaw#Web_Site,http://confOf#Member_PC,0.0
http://ekaw#Web_Site,http://confOf#Contribution,0.0
http://ekaw#Web_Site,http://confOf#Paper,0.0
http://ekaw#Web_Site,http://confOf#Topic,0.0
http://ekaw#Web_Site,http://confOf#Poster,0.0
http://ekaw#Web_Site,http://confOf#Scholar,0.0
http://ekaw#Web_Site,http://confOf#Event,0.0
http://ekaw#Web_Site,http://confOf#Reviewing_results_event,0.0
http://ekaw#Web_Site,http://confOf#Administrative_event,0.0
http://ekaw#Web_Site,http://confOf#Submission_event,0.0
http://ekaw#Web_Site,http://confOf#Reviewing_event,0.0
http://ekaw#Web_Site,http://confOf#Working_event,0.0
http://ekaw#Web_Site,http://confOf#Workshop,0.0
http://ekaw#Web_Site,http://confOf#Chair_PC,0.0
http://ekaw#Web_Site,http://confOf#Tutorial,0.0
http://ekaw#Web_Site,http://confOf#Administrator,0.0
http://ekaw#Web_Site,http://confOf#Camera_Ready_event,0.0
http://ekaw#Web_Site,http://confOf#Social_event,0.0
http://ekaw#Web_Site,http://confOf#Company,0.0
http://ekaw#Web_Site,http://confOf#Reception,0.0
http://ekaw#Web_Site,http://confOf#Conference,0.0
http://ekaw#Web_Site,http://confOf#Banquet,0.0
http://ekaw#Web_Site,http://confOf#Trip,0.0
http://ekaw#Web_Site,http://confOf#Registration_of_participants_event,0.0
http://ekaw#Multi-author_Volume,http://confOf#Organization,0.0
http://ekaw#Multi-author_Volume,http://confOf#Participant,0.0
http://ekaw#Multi-author_Volume,http://confOf#Person,0.0
http://ekaw#Multi-author_Volume,http://confOf#Author,0.0
http://ekaw#Multi-author_Volume,http://confOf#University,0.0
http://ekaw#Multi-author_Volume,http://confOf#Member_PC,0.0
http://ekaw#Multi-author_Volume,http://confOf#Contribution,0.0
http://ekaw#Multi-author_Volume,http://confOf#Paper,0.0
http://ekaw#Multi-author_Volume,http://confOf#Topic,0.0
http://ekaw#Multi-author_Volume,http://confOf#Poster,0.0
http://ekaw#Multi-author_Volume,http://confOf#Scholar,0.0
http://ekaw#Multi-author_Volume,http://confOf#Event,0.0
http://ekaw#Multi-author_Volume,http://confOf#Reviewing_results_event,0.0
http://ekaw#Multi-author_Volume,http://confOf#Administrative_event,0.0
http://ekaw#Multi-author_Volume,http://confOf#Submission_event,0.0
http://ekaw#Multi-author_Volume,http://confOf#Reviewing_event,0.0
http://ekaw#Multi-author_Volume,http://confOf#Working_event,0.0
http://ekaw#Multi-author_Volume,http://confOf#Workshop,0.0
http://ekaw#Multi-author_Volume,http://confOf#Chair_PC,0.0
http://ekaw#Multi-author_Volume,http://confOf#Tutorial,0.0
http://ekaw#Multi-author_Volume,http://confOf#Administrator,0.0
http://ekaw#Multi-author_Volume,http://confOf#Camera_Ready_event,0.0
http://ekaw#Multi-author_Volume,http://confOf#Social_event,0.0
http://ekaw#Multi-author_Volume,http://confOf#Company,0.0
http://ekaw#Multi-author_Volume,http://confOf#Reception,0.0
http://ekaw#Multi-author_Volume,http://confOf#Conference,0.0
http://ekaw#Multi-author_Volume,http://confOf#Banquet,0.0
http://ekaw#Multi-author_Volume,http://confOf#Trip,0.0
http://ekaw#Multi-author_Volume,http://confOf#Registration_of_participants_event,0.0
http://ekaw#Conference_Proceedings,http://confOf#Organization,0.0
http://ekaw#Conference_Proceedings,http://confOf#Participant,0.0
http://ekaw#Conference_Proceedings,http://confOf#Person,0.0
http://ekaw#Conference_Proceedings,http://confOf#Author,0.0
http://ekaw#Conference_Proceedings,http://confOf#University,0.0
http://ekaw#Conference_Proceedings,http://confOf#Member_PC,0.0
http://ekaw#Conference_Proceedings,http://confOf#Contribution,0.0
http://ekaw#Conference_Proceedings,http://confOf#Paper,0.0
http://ekaw#Conference_Proceedings,http://confOf#Topic,0.0
http://ekaw#Conference_Proceedings,http://confOf#Poster,0.0
http://ekaw#Conference_Proceedings,http://confOf#Scholar,0.0
http://ekaw#Conference_Proceedings,http://confOf#Event,0.0
http://ekaw#Conference_Proceedings,http://confOf#Reviewing_results_event,0.0
http://ekaw#Conference_Proceedings,http://confOf#Administrative_event,0.0
http://ekaw#Conference_Proceedings,http://confOf#Submission_event,0.0
http://ekaw#Conference_Proceedings,http://confOf#Reviewing_event,0.0
http://ekaw#Conference_Proceedings,http://confOf#Working_event,0.0
http://ekaw#Conference_Proceedings,http://confOf#Workshop,0.0
http://ekaw#Conference_Proceedings,http://confOf#Chair_PC,0.0
http://ekaw#Conference_Proceedings,http://confOf#Tutorial,0.0
http://ekaw#Conference_Proceedings,http://confOf#Administrator,0.0
http://ekaw#Conference_Proceedings,http://confOf#Camera_Ready_event,0.0
http://ekaw#Conference_Proceedings,http://confOf#Social_event,0.0
http://ekaw#Conference_Proceedings,http://confOf#Company,0.0
http://ekaw#Conference_Proceedings,http://confOf#Reception,0.0
http://ekaw#Conference_Proceedings,http://confOf#Conference,0.0
http://ekaw#Conference_Proceedings,http://confOf#Banquet,0.0
http://ekaw#Conference_Proceedings,http://confOf#Trip,0.0
http://ekaw#Conference_Proceedings,http://confOf#Registration_of_participants_event,0.0
http://ekaw#Conference,http://confOf#Organization,0.0
http://ekaw#Conference,http://confOf#Participant,0.0
http://ekaw#Conference,http://confOf#Person,0.0
http://ekaw#Conference,http://confOf#Author,0.0
http://ekaw#Conference,http://confOf#University,0.0
http://ekaw#Conference,http://confOf#Member_PC,0.0
http://ekaw#Conference,http://confOf#Contribution,0.0
http://ekaw#Conference,http://confOf#Paper,0.0
http://ekaw#Conference,http://confOf#Topic,0.0
http://ekaw#Conference,http://confOf#Poster,0.0
http://ekaw#Conference,http://confOf#Scholar,0.0
http://ekaw#Conference,http://confOf#Event,0.002421307506053269
http://ekaw#Conference,http://confOf#Reviewing_results_event,0.0
http://ekaw#Conference,http://confOf#Administrative_event,0.0
http://ekaw#Conference,http://confOf#Submission_event,0.0
http://ekaw#Conference,http://confOf#Reviewing_event,0.0
http://ekaw#Conference,http://confOf#Working_event,0.009174311926605505
http://ekaw#Conference,http://confOf#Workshop,0.0
http://ekaw#Conference,http://confOf#Chair_PC,0.0
http://ekaw#Conference,http://confOf#Tutorial,0.0
http://ekaw#Conference,http://confOf#Administrator,0.0
http://ekaw#Conference,http://confOf#Camera_Ready_event,0.0
http://ekaw#Conference,http://confOf#Social_event,0.0
http://ekaw#Conference,http://confOf#Company,0.0
http://ekaw#Conference,http://confOf#Reception,0.0
http://ekaw#Conference,http://confOf#Conference,0.2
http://ekaw#Conference,http://confOf#Banquet,0.0
http://ekaw#Conference,http://confOf#Trip,0.0
http://ekaw#Conference,http://confOf#Registration_of_participants_event,0.0
http://ekaw#Conference_Banquet,http://confOf#Organization,0.0
http://ekaw#Conference_Banquet,http://confOf#Participant,0.0
http://ekaw#Conference_Banquet,http://confOf#Person,0.0
http://ekaw#Conference_Banquet,http://confOf#Author,0.0
http://ekaw#Conference_Banquet,http://confOf#University,0.0
http://ekaw#Conference_Banquet,http://confOf#Member_PC,0.0
http://ekaw#Conference_Banquet,http://confOf#Contribution,0.0
http://ekaw#Conference_Banquet,http://confOf#Paper,0.0
http://ekaw#Conference_Banquet,http://confOf#Topic,0.0
http://ekaw#Conference_Banquet,http://confOf#Poster,0.0
http://ekaw#Conference_Banquet,http://confOf#Scholar,0.0
http://ekaw#Conference_Banquet,http://confOf#Event,0.002421307506053269
http://ekaw#Conference_Banquet,http://confOf#Reviewing_results_event,0.0
http://ekaw#Conference_Banquet,http://confOf#Administrative_event,0.0
http://ekaw#Conference_Banquet,http://confOf#Submission_event,0.0
http://ekaw#Conference_Banquet,http://confOf#Reviewing_event,0.0
http://ekaw#Conference_Banquet,http://confOf#Working_event,0.0
http://ekaw#Conference_Banquet,http://confOf#Workshop,0.0
http://ekaw#Conference_Banquet,http://confOf#Chair_PC,0.0
http://ekaw#Conference_Banquet,http://confOf#Tutorial,0.0
http://ekaw#Conference_Banquet,http://confOf#Administrator,0.0
http://ekaw#Conference_Banquet,http://confOf#Camera_Ready_event,0.0
http://ekaw#Conference_Banquet,http://confOf#Social_event,0.06666666666666667
http://ekaw#Conference_Banquet,http://confOf#Company,0.0
http://ekaw#Conference_Banquet,http://confOf#Reception,0.0
http://ekaw#Conference_Banquet,http://confOf#Conference,0.0
http://ekaw#Conference_Banquet,http://confOf#Banquet,0.2
http://ekaw#Conference_Banquet,http://confOf#Trip,0.0
http://ekaw#Conference_Banquet,http://confOf#Registration_of_participants_event,0.0
